Technology,Endurance,Link,DOI,NVMExplorer,Stanford Memory Trends 2024,Conference,Year,Process Node (nm),Cell Area (F2),Cell area (um),Macro (mm2),Structure,Material,Capacity (Mb),Bits/Cell,Ron (ohm),Roff (ohm),On/off ratio,Cell Structure,Retention (s),Retention temp (C),Voltage (V),Write Voltage (V),Read Voltage (V),Read Speed (ns),Write Speed (ns),Read Energy (pJ),Write Energy (pJ),Write Current (mA),Read Current (uA),SET Current (uA),RESET Current (uA),SET Speed (ns),RESET Speed (ns),SET Voltage (V),RESET Voltage (V),Read Power (mW),Write Power (mW),Bit Error Rate,MTJ Diameter (nm),Freq (MHz),Main Notes,Cleaning Notes,Verification Notes
CBRAM,40,https://ieeexplore.ieee.org/document/1609383,10.1109/IEDM.2005.1609383,,1,IEDM,2005,,,30,,1R,,,,200,1.00E+05,,,,,0.2,,,,,,,0.1,,,,,,,,,,,,,,,
CBRAM,1.00E+06,https://ieeexplore.ieee.org/document/1609463,10.1109/IEDM.2005.1609463,,1,IEDM,2005,,,0.02,,1R,,,,1.00E+03,1.00E+11,,,,,0.25,,,,,,,0.002,,,,,,,,,,,,,,,
CBRAM,1.00E+06,https://ieeexplore.ieee.org/document/1705334,10.1109/VLSIC.2006.1705334,,1,VLSI,2006,,8,0.0648,,1T1CBJ,,,,1.00E+04,1.00E+11,,,,,0.6,,,50,,,,1.00E-02,,,,,,,,,,,,,,,
CBRAM,1.00E+05,https://ieeexplore.ieee.org/document/4419064,10.1109/IEDM.2007.4419064,,1,IEDM,2007,,,0.04,,1T1R,,,,1.00E+04,1.00E+07,,,,,1,,,5,,,,1.10E-01,,,,,,,,,,,,,,,
CBRAM,,https://ieeexplore.ieee.org/document/4342708,10.1109/VLSIC.2007.4342708,,1,VLSI,2007,,4,,,1T1CBJ,,,,1.00E+04,1.00E+09,,,,,,,,1350,,,,,,,,,,,,,,,,,,,
CBRAM,1.00E+04,https://ieeexplore.ieee.org/document/4339718,10.1109/VLSIT.2007.4339718,,1,VLSI,2007,,4,,,1R,,,,100,,,,,,3,,,100000,,,,0.1,,,,,,,,,,,,,,,
CBRAM,500,https://ieeexplore.ieee.org/document/5200660,,,1,VLSI,2009,,,0.13,,1T1R,,,,1.00E+02,1.00E+10,,,,,7,,,,,,,5,,,,,,,,,,,,,,,
CBRAM,2.00E+05,https://ieeexplore.ieee.org/document/5556183,10.1109/VLSIT.2010.5556183,,1,VLSI,2010,,,0.2,,1R,,,,2.00E+04,1.00E+07,,,,,2,,,50,,,,0.02,,,,,,,,,,,,,,,
CBRAM,,https://ieeexplore.ieee.org/document/5556192,10.1109/VLSIT.2010.5556192,,1,VLSI,2010,,4,,,1R,,,,800,1.00E+09,,,,,4,,,,,,,0.42,,,,,,,,,,,,,,,
CBRAM,100,https://pubs.aip.org/aip/apl/article-abstract/96/25/252104/936619/Nonvolatile-triode-switch-using-electrochemical?redirectedFrom=fulltext,10.1063/1.3457861,,1,APL,2010,,,40,,1R,,,,100,1.00E+06,,,,,0.2,,,,,,,0.025,,,,,,,,,,,,,,,
CBRAM,,https://ieeexplore.ieee.org/document/6131484,10.1109/IEDM.2011.6131484,,1,IEDM,2011,,,0.005,,1R,,,,1.00E+06,1.00E+10,,,,,2,,,,,,,2.00E-03,,,,,,,,,,,,,,Ron value might be wrong (seems like a hex code of sorts),
CBRAM,,https://ieeexplore.ieee.org/document/6131484,10.1109/IEDM.2011.6131484,,1,IEDM,2011,,,0.005,,1R,,,,1.00E+07,1.00E+10,,,,,2,,,,,,,2.00E-03,,,,,,,,,,,,,,,
CBRAM,,https://ieeexplore.ieee.org/document/6131538,10.1109/IEDM.2011.6131538,,1,IEDM,2011,,,0.2,,1T1R,,,,400,1.00E+08,,,,,3,,,,,,,0.4,,,,,,,,,,,,,,,
CBRAM,,https://ieeexplore.ieee.org/document/5746286,10.1109/ISSCC.2011.5746286,,1,ISSCC,2011,,,2.24,,1T1R,,,,1.00E+04,1.00E+05,,,,,,,,5,,,,,,,,,,,,,,,,,,,
CBRAM,400,https://ieeexplore.ieee.org/document/6479017,10.1109/IEDM.2012.6479017,,1,IEDM,2012,,,,,1T1R,,,,1.00E+03,1.00E+06,,,,,0.4,,,,,,,0.0015,,,,,,,,,,,,,,,
CBRAM,1.00E+05,https://ieeexplore.ieee.org/document/6479145,10.1109/IEDM.2012.6479145,,1,IEDM,2012,,,0.04,,1T1R,,,,1.00E+04,1.00E+07,,,,,0.3,,,30,,,,0.1,,,,,,,,,,,,,,,
CBRAM,1.00E+03,https://ieeexplore.ieee.org/document/6242465,10.1109/VLSIT.2012.6242465,,1,VLSI,2012,,,0.00636,,1T1R,,,,1.00E+05,1.00E+10,,,,,3,,,100,,,,0.1,,,,,,,,,,,,,,,
CBRAM,,https://ieeexplore.ieee.org/document/6242464,10.1109/VLSIT.2012.6242464,,1,VLSI,2012,,,,,1R,,,,1.00E+05,1.00E+10,,,,,3,,,1000,,,,0.0001,,,,,,,,,,,,,,,
CBRAM,,https://ieeexplore.ieee.org/document/6724722,10.1109/IEDM.2013.6724722,,1,IEDM,2013,,,0.0005,,1R,,,,1.00E+03,1.00E+05,,,,,2.8,,,70,,,,0.1,,,,,,,,,,,,,,,
CBRAM,1.00E+04,https://ieeexplore.ieee.org/document/6576697,,,1,VLSI,2013,,,,,1R,,,,1.00E+04,1.00E+11,,,,,1,,,10000,,,,0.1,,,,,,,,,,,,,,,
CBRAM,1.00E+03,https://ieeexplore.ieee.org/document/7046993,10.1109/IEDM.2014.7046993,,1,IEDM,2014,,,,,1T1R,,,,1.00E+04,1.00E+06,,,,,2,,,1000,,,,0.1,,,,,,,,,,,,,,,
CBRAM,1.00E+03,https://ieeexplore.ieee.org/document/7046995,10.1109/IEDM.2014.7046995,,1,IEDM,2014,,,0.028,,1T1R,,,,1.00E+04,1.00E+10,,,,,0.4,,,10000,,,,0.1,,,,,,,,,,,,,,,
CBRAM,,https://ieeexplore.ieee.org/document/6757460,10.1109/ISSCC.2014.6757460,,1,ISSCC,2014,,,0.004374,,1S1R,,,,,,,,,,6.5,,,2000,,,,,,,,,,,,,,,,,,,
CBRAM,1.00E+06,https://ieeexplore.ieee.org/document/6894368,10.1109/VLSIT.2014.6894368,,1,VLSI,2014,,,0.000729,,1R,,,,1.00E+06,,,,,,2,,,300,,,,0.05,,,,,,,,,,,,,,,
CBRAM,1.00E+03,https://ieeexplore.ieee.org/document/6894437,10.1109/VLSIT.2014.6894437,,1,VLSI,2014,,,0.065,,1R,,,,1.00E+03,1.00E+08,,,,,2,,,10,,,,1,,,,,,,,,,,,,,,
CBRAM,,https://ieeexplore.ieee.org/document/7409720,10.1109/IEDM.2015.7409720,,1,IEDM,2015,,,4,,1R,,,,1.00E+07,1.00E+10,,,10800,85,3,,,5.00E+05,,,,0.0001,,,,,,,,,,,,,,,
CBRAM,1.00E+04,https://ieeexplore.ieee.org/document/7223639,10.1109/VLSIT.2015.7223639,,1,VLSI,2015,,,0.0044,,2T1R,,,,,,,,3.15E+07,55,2,,,5000,,,,0.04,,,,,,,,,,,,,,,
CBRAM,1.00E+06,https://ieeexplore.ieee.org/document/7223718,10.1109/VLSIT.2015.7223718,,1,VLSI,2015,,,0.03,,1T1R,,,,1.00E+04,1.00E+09,,,432000,150,2,,,1.00E+03,,,,0.05,,,,,,,,,,,,,,,
CBRAM,1.00E+06,https://ieeexplore.ieee.org/document/7573404,10.1109/VLSIT.2016.7573404,,1,VLSI,2016,,,0.09,,1T1R,,,,1.00E+05,1.00E+09,,,432000,150,3,,,1.00E+04,,,,0.1,,,,,,,,,,,,,,,
CBRAM,,https://ieeexplore.ieee.org/document/7573403,10.1109/VLSIT.2016.7573403,,1,VLSI,2016,,,0.05,,1T1R,,,,1.00E+03,1.00E+08,,,3.60E+06,150,2,,,1.00E+03,,,,0.5,,,,,,,,,,,,,,,
CBRAM,,https://ieeexplore.ieee.org/document/8268325,10.1109/IEDM.2017.8268325,,1,IEDM,2017,,,90,,1R,,,,1.00E+03,1.00E+08,,,,,2.5,,,25,,,,1,,,,,,,,,,,,,,,
CBRAM,,https://ieeexplore.ieee.org/document/8268333,10.1109/IEDM.2017.8268333,,1,IEDM,2017,,,100,,1R,Cu,,,50,1.00E+06,,,,,2,,,,,,,10,,,,,,,,,,,,,Bias on Cu,Different values for Cu and Ti. Split up maybe,check ron and roff
,,https://ieeexplore.ieee.org/document/8268333,10.1109/IEDM.2017.8268333,,1,IEDM,2017,,,100,,1R,Ti,,,1.00E+00,5.00E+02,,,,,1,,,,,,,2,,,,,,,,,,,,,Bias on Ti,,check ron and roff
CBRAM,,https://ieeexplore.ieee.org/document/8776520,10.23919/VLSIT.2019.8776520,,1,VLSI,2019,,,,,1R,,,,1.00E+03,1.00E+10,,,4.00E+04,,0.18,,,,,,,0.2,,,,,,,,,,,,,,,
CBRAM,1.00E+07,https://ieeexplore.ieee.org/document/8993527,10.1109/IEDM19573.2019.8993527,,1,IEDM,2019,,,0.065,,1T1R,Co/Al2O3/TiN,,,2.00E+04,1.00E+07,,,86400,85,2,,,5000,,,,0.05,,,,,,,,,,,,,25% on retention,,check retention & ret. temp
CBRAM,1.00E+07,https://ieeexplore.ieee.org/document/8993527,10.1109/IEDM19573.2019.8993527,,1,IEDM,2019,,,,,,Co/LaSiO/TiN,,,1.00E+04,1.00E+07,,,3600,85,1,,,100,,,,0.05,,,,,,,,,,,,,,,check retention & ret. temp
CBRAM,1.00E+08,https://ieeexplore.ieee.org/document/8993527,10.1109/IEDM19573.2019.8993527,,1,IEDM,2019,,,,,,Co/Ta/GeSe/TiN,,,1.00E+05,1.00E+10,,,432000,85,,,,1000,,,,0.05,,,,,,,,,,,,,,,check retention & ret. temp
FeFET,,https://ieeexplore.ieee.org/stamp/stamp.jsp?tp=&arnumber=8268425,10.1109/IEDM.2017.8268425,0,1,IEDM,2017,22,52,0.025,,,,,1,,,,,,,3.5,3.5,,50,10,,,,,,,,,,,,,,,,,,
FeFET,,https://ieeexplore.ieee.org/stamp/stamp.jsp?tp=&arnumber=8614710,10.1109/IEDM.2018.8614710,1,,IEDM,2018,,,,,,,,1,,,,,,,,,,,,,,,,,,,,,,,,,,,,,
FeFET,,https://ieeexplore.ieee.org/stamp/stamp.jsp?tp=&arnumber=8510652,10.1109/VLSIT.2018.8510652,1,1,VLSI,2018,,,,,,,,1,,,,,,,,,,,3.6,,,,,,,,,,,,,,,,,,
FeFET,,https://ieeexplore.ieee.org/stamp/stamp.jsp?tp=&arnumber=8776497,10.23919/VLSIT.2019.8776497,1,,VLSI,2019,45,10,,,,,1,2,1.00E+05,1.00E+09,,,,,,,,,1100,,1.11E-01,,,,,,,,,,,,,,,,
FeFET,,https://ieeexplore.ieee.org/stamp/stamp.jsp?tp=&arnumber=8614611,10.1109/IEDM.2018.8614611,1,0,IEDM,2018,,,,,,,,1,,,,,,,,,,,,,,,,,,,,,,,,,,,,,
FeFET,,https://ieeexplore.ieee.org/stamp/stamp.jsp?tp=&arnumber=8776497,10.23919/VLSIT.2019.8776497,1,,VLSI,2019,45,103,,,,,1,2,1.00E+05,1.00E+09,,,,,,,,,1.56E+03,,5.04E-02,,,,,,,,,,,,,,,,
FeFET,1.00E+07,https://ieeexplore.ieee.org/stamp/stamp.jsp?tp=&arnumber=8993565,10.1109/IEDM19573.2019.8993565,1,,IEDM,2019,,,,,,,,1,,,,,,,,,,,50,,,,,,,,,,,,,,,,,,
FeFET,,https://ieeexplore.ieee.org/stamp/stamp.jsp?tp=&arnumber=8993509,10.1109/IEDM19573.2019.8993509,1,,IEDM,2019,,15,7,,,,,1,,,,,,,,,,,0.925,,,,,,,,,,,,,,,,,,
FeFET,,https://ieeexplore.ieee.org/stamp/stamp.jsp?tp=&arnumber=8776497,10.23919/VLSIT.2019.8776497,1,,VLSI,2019,45,10,,,,,1,1,1.00E+05,1.00E+09,,,,,,,,,1000,,,,,,,,,,,,,,,,,,
FeFET,,https://ieeexplore.ieee.org/stamp/stamp.jsp?tp=&arnumber=9720652,10.1109/IEDM19574.2021.9720652,0,0,IEDM,2021,7,45,,,,,,2,2.45E+05,4.17E+06,17,,,,,,,,,,,,,,,,,,,,,,,,Chip area: 2.94mm^2,Removed comma formatting for Ron(ohm),
FeFET,1.00E+09,https://ieeexplore.ieee.org/stamp/stamp.jsp?tp=&arnumber=9720627,10.1109/IEDM19574.2021.9720627,0,,IEDM,2021,,,,,,,,,,,,,3.15E+08,,,,,,,,,,,,,,,,,,,,,,Cannot be used as a configuration,,
FeFET,1.00E+11,https://ieeexplore.ieee.org/stamp/stamp.jsp?tp=&arnumber=9720642,10.1109/IEDM19574.2021.9720642,0,,TED,2022,,,,,,,,,,,,,,,,,,,,,,,,,,,,,,,,,,,Cannot be used as a configuration,,
FeFET,5.00E+09,https://ieeexplore.ieee.org/stamp/stamp.jsp?tp=&arnumber=10019465,10.1109/IEDM45625.2022.10019465,0,,IEDM,2022,,,,,,,,,,,,,315360000,,,,,,,,,,,,,,,,,,,,,,Cannot be used as a configuration,,
FeFET,1.00E+09,https://ieeexplore.ieee.org/stamp/stamp.jsp?tp=&arnumber=10019369,10.1109/IEDM45625.2022.10019369,0,,IEDM,2022,,,,,,,,1,,,,,1.00E+04,,,,,,,,,,,,,,,,,,,7.50E-16,,,Cannot be used as a configuration,Configurations for 1 through 3 bit/cells.,
FeFET,1.00E+09,https://ieeexplore.ieee.org/stamp/stamp.jsp?tp=&arnumber=10019369,10.1109/IEDM45625.2022.10019369,0,,IEDM,2022,,,,,,,,2,,,,,1.00E+04,,,,,,,,,,,,,,,,,,,7.50E-16,,,Cannot be used as a configuration,,
FeFET,1.00E+09,https://ieeexplore.ieee.org/stamp/stamp.jsp?tp=&arnumber=10019369,10.1109/IEDM45625.2022.10019369,0,,IEDM,2022,,,,,,,,3,,,,,1.00E+04,,,,,,,,,,,,,,,,,,,7.50E-16,,,Cannot be used as a configuration,,
FeFET/RRAM,,https://ieeexplore.ieee.org/stamp/stamp.jsp?tp=&arnumber=9830351,10.1109/VLSITechnologyandCir46769.2022.9830351,0,0,VLSI,2021,,,,,,,,4,,,,,1.00E+04,85,,,,,,,,,,,,,,,,,,,,,Cannot be used as a configuration,,
FeRAM,1.00E+04,https://ieeexplore.ieee.org/document/8614710,10.1109/IEDM.2018.8614710,,0,IEDM,2018,,,,,,poly-Si/Si:HfO2 9.5nm/ poly-Si,,,,,,,3.60E+05,85,,,,,100,,,,,,,,,,,,,,,,Retention (10 years),,check retention
FeRAM,1.00E+05,https://ieeexplore.ieee.org/document/8614650,10.1109/IEDM.2018.8614650,,1,IEDM,2018,,,,,,Si/IL/HZO/TiN/ TaN/TiN/W,,,,,,,1.00E+04,185,,,,,20,,,,,,,,,,,,,,,,Retention (10 years),,check retention
FeRAM,1.00E+09,https://ieeexplore.ieee.org/document/8510643,10.1109/VLSIT.2018.8510643,,0,VLSI,2018,,,,,,TiN/HZO (10nm)/ SiGe,,,,,,,1.00E+04,85,,,,,,,,,,,,,,,,,,,,,Retention (10 years),,check retention
FeRAM,,https://ieeexplore.ieee.org/document/8510652,10.1109/VLSIT.2018.8510652,,0,VLSI,2018,,,,,,Al2O3/HZO 10nm/ Al2O3/GeOI,,,,,,,,,,,,,1.00E-10,,,,,,,,,,,,,,,,Retention (10 years); write speed (accumulated),SPLIT*: 2 values for Write Speed.,check retention
FeRAM,,https://ieeexplore.ieee.org/document/8510652,10.1109/VLSIT.2018.8510652,,0,VLSI,2018,,,,,,Al2O3/HZO 10nm/ Al2O3/GeOI,,,,,,,,,,,,,3.6,,,,,,,,,,,,,,,,Retention (10 years); write speed (single),,check retention
FeRAM,1.00E+10,https://ieeexplore.ieee.org/document/8614496,10.1109/IEDM.2018.8614496,,1,IEDM,2018,,,,,,W/HZO 10nm/ W/ HfO2 10nm /Si,,,,,,,,,,,,,,,,,,,,,,,,,,,,,"Retention (10 years) and ""bad""; Read Power (0.1 pJ) in diff units.",,"check retention (previously ""bad"")"
FeRAM,1.00E+07,https://ieeexplore.ieee.org/document/8993565,10.1109/IEDM19573.2019.8993565,,0,IEDM,2019,,,,,,Ni/HZO (9nm)/ IL/ TiN,,,,,,,1.00E+04,,,,,,50,,,,,,,,,,,,,,,,Retention (10 years),,check retention temp (listed as room temp)
FeRAM,1.00E+10,https://ieeexplore.ieee.org/document/8993504,10.1109/IEDM19573.2019.8993504,,1,IEDM,2019,,,,,,PVD-TiN/ PEALD-TiN/ HZO (10nm)/ PEALD -TiN/ PVD-TiN,,,,,,,5.00E+04,105,,,,,400,,,,,,,,,,,,,,,,Retention (10 years),,check retention
FeRAM,1.00E+09,https://ieeexplore.ieee.org/document/8993504,10.1109/IEDM19573.2019.8993504,,0,IEDM,2019,,,,,,PVD-TiN/ PEALD-TiN/ HZO (10nm)/ PEALD-TiN/ PVD-TiN,,,,,,,5.00E+04,85,,,,,1600,,,,,,,,,,,,,,,,Retention (10 years),,check retention
FeRAM,,https://ieeexplore.ieee.org/document/8993509,10.1109/IEDM19573.2019.8993509,,0,IEDM,2019,,,,,,W/HZO (15nm)/ W,,,,,,,,,,,,,0.925,,,,,,,,,,,,,,,,Retention (10 years),,check retention
FeRAM,1.00E+11,https://ieeexplore.ieee.org/document/8993485,10.1109/IEDM19573.2019.8993485,,1,IEDM,2019,,,,,,TiN/HZO (10nm)/ TiN,,,,,,,1.00E+04,85,,,,,100,,,,,,,,,,,,,,,,Retention (10 years); Read Power (10 fJ/bit) in diff units,,check retention
FeRAM,,https://ieeexplore.ieee.org/document/8776553,10.23919/VLSIT.2019.8776553,,0,VLSI,2019,,,,,,TiN/ HZO 15nm/ IGZO 8nm,,,,,,,,,,,,,,,,,,,,,,,,,,,,,,,
FeRAM,1.00E+06,https://ieeexplore.ieee.org/document/9115018,10.1109/LED.2020.3001639,,0,EDL,2020,,,,,,TiN/HZO 6nm/Ge,,,,,,,3.15E+08,85,,,,,,,,,,,,,,,,,,,,,,,
FeRAM,1.00E+08,https://ieeexplore.ieee.org/stamp/stamp.jsp?tp=&arnumber=9139202,10.1109/JEDS.2020.3008789,,0,JEDS,2020,,,,,,TiN 30nm/HZO 15nm/IGZO 8nm/Ti 10nm,,,,,,,3.15E+07,,,,,,,,,,,,,,,,,,,,,,,,
FeRAM,1.00E+08,https://ieeexplore.ieee.org/document/9371974,10.1109/IEDM13553.2020.9371974,,0,IEDM,2020,,,,,,Pd/ HfO2 5nm/ IWO 3nm/ HZO 10 nm/W,,,,,,,1.00E+03,,,,,,100,,,,,,,,,,,70 TOPS/W,,,,,,,
FeRAM,1.00E+12,https://ieeexplore.ieee.org/document/9371940,10.1109/IEDM13553.2020.9371940,,0,IEDM,2020,,,,,,,,,,,,,,,,,,,10,,,,,,,,,,,,,,,,,,
FeRAM,1.00E+11,https://ieeexplore.ieee.org/document/9265063,10.1109/VLSITechnology18217.2020.9265063,,0,VLSI,2020,,,,,,TiN 10nm/HZO 11nm/TiN 10nm,,,,,,,3.15E+08,85,,,,,14,,,,,,,,,,,,,,,,,,
FeRAM,1.00E+06,https://ieeexplore.ieee.org/document/9440107,10.1109/VLSI-TSA51926.2021.9440107,,0,VLSI,2021,,,,,,Ni/HZO 3nm/Al2O3 1.5nm/TiN,,,,,,,10000,,,,,,500,,,,,,,,,,,,,,,,,,
FeRAM,1.00E+05,https://ieeexplore.ieee.org/document/9358194,10.1109/LED.2021.3060589,,0,EDL,2021,,,,,,TaN/HZO/AL2O3/HZO/IL/Si 5/0.5/10,,,,,,,10000,,,,,,,,,,,,,,,,,,,,,,,,
FeRAM,1.00E+07,https://ieeexplore.ieee.org/document/9720640,10.1109/IEDM19574.2021.9720640,,0,IEDM,2021,,,,,,10nm HfO2:Si,,,,,,,1.00E+04,125,,,,,4,,,,,,,,,,,,,,,,,,
FeRAM,1.00E+05,https://ieeexplore.ieee.org/document/3097777,10.1109/LED.2021.3097777,,0,EDL,2021,,,,,,TiN/HZO/AlON/Si,,,,,,,10000,,,,,,100,,,,,,,,,,,,,,,,,,
FeRAM,5.00E+04,https://ieeexplore.ieee.org/document/3092787,10.1109/LED.2021.3092787,,0,EDL,2021,,,,,,TiN/HfO2 6nm/IL/Si,,,,,,,1.00E+04,,,,,,,,,,,,,,,,,,,,,,,,
PCM,1.25E+12,https://ieeexplore.ieee.org/document/979636,10.1109/IEDM.2001.979636,,1,IEDM,2001,,,,,,,,,7.00E+03,2.00E+05,,,100,177,1,,,,,,,,,,,50,30,,,,,,,,,,
PCM,1.00E+12,https://ieeexplore.ieee.org/document/993006,10.1109/ISSCC.2002.993006,,1,ISSCC,2002,,,,,,,,,2.00E+04,8.50E+04,,,,,0.6,,,,,,,,,,,50,30,0.7,0.7,,,,,,,,
PCM,1.00E+09,https://ieeexplore.ieee.org/stamp/stamp.jsp?tp=&arnumber=9265020,10.1109/VLSITechnology18217.2020.9265020,1,0,VLSI (T),2020,,,,,1S1R,,1,2,,,,,,,,,,,,,,,,,,300,,,,,,,,,,,
PCM,,https://ieeexplore.ieee.org/stamp/stamp.jsp?tp=&arnumber=859016,10.1109/JSSC.2005.859016,1,,JSSC,2006,120,,,,,,64,1,,,,,,,,,,,,,,,,200,600,180,10,,,,,,,,,,
PCM,,https://ieeexplore.ieee.org/stamp/stamp.jsp?tp=&arnumber=.346910,10.1109/IEDM.2006.346910,1,,IEDM,2006,,,,,,,,1,,,,,,,,,,,,,,,,55,90,80,60,,,,,,,,,,
PCM,,https://ieeexplore.ieee.org/document/4242470,10.1109/ISSCC.2007.373499,,1,ISSCC,2007,,,46.7,,,,,,2.00E+03,8.00E+05,,,,,1,,,,,,,,,,,400,50,,,,,,,,Mushroom,,
PCM,,https://ieeexplore.ieee.org/stamp/stamp.jsp?tp=&arnumber=2220459,10.1109/TCSI.2012.2220459,1,,TCSI,2013,90,25,,,,,512,2,,,,,,,,,,,,,,,,400,400,20,20,,,,,,,,,,
PCM,1.00E+09,https://ieeexplore.ieee.org/stamp/stamp.jsp?tp=&arnumber=6894383,10.1109/VLSIT.2014.6894383,1,,VLSI,2014,90,,,,,,256,1,301,613,,,12614400000,85,,,,,,,,,,60,,20,,,,,,,,,,,
PCM,,https://ieeexplore.ieee.org/stamp/stamp.jsp?tp=&arnumber=6894404,10.1109/VLSIT.2014.6894404,1,,VLSI,2014,,,,,,,,1,1000000,100000000,,,,,,,1,,,,,,,0.2,1,,100,3.7,1,,,,,,structure: 1TnR,,check structure
PCM,,https://ieeexplore.ieee.org/stamp/stamp.jsp?tp=&arnumber=7047136,10.1109/IEDM.2014.7047136,1,,IEDM,2014,45,,,,,,1000,1,,,,,,,,,,,,,,,,,,100,,,,,,,,,,,
PCM,1.00E+08,https://ieeexplore.ieee.org/stamp/stamp.jsp?tp=&arnumber=7047138,10.1109/IEDM.2014.7047138,1,,IEDM,2014,30,,,,,,128,1,40000,100000,,,,,,,,,,,,,,,,,,,,,,,,,,,
PCM,1.00E+08,https://ieeexplore.ieee.org/stamp/stamp.jsp?tp=&arnumber=7047132,10.1109/IEDM.2014.7047132,1,,IEDM,2014,,,,,,,,1,,,100,,,,,,,,,,,,,55,55,120,75,,,,,,,,,,
PCM,,https://ieeexplore.ieee.org/document/7047131,10.1109/IEDM.2014.7047131,,0,IEDM,2014,,,0.54,,,,,,4.00E+03,2.00E+07,,,,,,,,,,,,,,,750,,,,,,,,,,Self-Heating Wall,,
PCM,1.00E+02,https://ieeexplore.ieee.org/document/6894404,10.1109/VLSIT.2014.6894404,,,VLSI (T),2014,,,0.1,,,,,,2.00E+03,1.00E+08,,,,,6,,,,,,,,,,,,50,3.7,1,,,,,,Cross-point,,
PCM,,https://ieeexplore.ieee.org/document/6894436,10.1109/VLSIT.2014.6894436,,1,VLSI (T),2014,,,,,,,,,1.00E+03,1.00E+06,,,1000,200,,,,,,,,,,,,100,100,,,,,,,,Pillar,,
PCM,1.00E+08,https://ieeexplore.ieee.org/document/7047132,10.1109/IEDM.2014.7047132,,,IEDM,2014,,,1.96,,,,,,2.00E+03,2.00E+06,,,2000,200,0.8,,,,,,,,,55,55,120,75,,,,,,,,Mushroom,,
PCM,,https://ieeexplore.ieee.org/stamp/stamp.jsp?tp=&arnumber=7223707,10.1109/VLSIT.2015.7223707,1,,VLSI,2015,50,,,,1T1R,,0.016,1,,,100,,,,,,,,,,,,,,,,,0.4,1,,,,,,,,
PCM,1.00E+07,https://ieeexplore.ieee.org/stamp/stamp.jsp?tp=&arnumber=7223708,10.1109/VLSIT.2015.7223708,1,,VLSI,2015,90,,,,,,12,1,10000,,,,,,,,,,,,,,,,,,,,,,,,,,,,
PCM,2.80E+11,https://ieeexplore.ieee.org/stamp/stamp.jsp?tp=&arnumber=7409621,10.1109/IEDM.2015.7409621,1,,IEDM,2015,33,,,,,,,1,,,,,,,,,,,,,,,,,,80,,,,,,,,,,,
PCM,1.00E+09,https://ieeexplore.ieee.org/stamp/stamp.jsp?tp=&arnumber=7409620,10.1109/IEDM.2015.7409620,1,,IEDM,2015,,,,,,,128,1,,,,,315360000,220,,,,,,,,,,,,480,,,,,,,,,,,
PCM,1.00E+05,https://ieeexplore.ieee.org/stamp/stamp.jsp?tp=&arnumber=5b02661,10.1021/acs.nanolett.5b02661,1,,Nano Letters,,,,,,,,,1,,,,,,,,,,,,,,,,,,,50,,,,,,,,,,
PCM,1.00E+06,https://ieeexplore.ieee.org/document/7223707,10.1109/VLSIT.2015.7223707,,,VLSI (T),2015,,,,,,,,,3.00E+02,3.00E+05,,,,,,,,,,,,,,,,,,0.4,1,,,,,,Mushroom,,
PCM,2.80E+10,https://ieeexplore.ieee.org/document/7409621,10.1109/IEDM.2015.7409621,,,IEDM,2015,,,,,,,,,5.00E+05,5.00E+06,,,,,,,,,,,,,,,,80,,,,,,,,,Pore,,
PCM,,https://ieeexplore.ieee.org/document/7223705,10.1109/VLSIT.2015.7223705,,1,VLSI (T),2015,,,0.8,,,,,,,,,,,,,,,,,,,,,,,50,10,6.25,,,,,,,VCC,,
PCM,2.00E+07,https://ieeexplore.ieee.org/document/1221143,10.1109/VLSIT.2003.1221143,,1,VLSI (T),2003,,,,,,,,,,,,,,,0.6,,,,,,,,,200,600,100,50,,,,,,,,Mushroom,,
PCM,1.00E+05,https://ieeexplore.ieee.org/document/1221142,10.1109/VLSIT.2003.1221142,,1,VLSI (T),2003,,,,,,,,,4.00E+03,2.00E+05,,,,,1,,,,,,,,,130,200,30,30,,,,,,,,Edge Contact,,
PCM,1.58E+09,https://ieeexplore.ieee.org/document/1221141,10.1109/VLSIT.2003.1221141,,1,VLSI (T),2003,,,102.4,,,,,,,,,,360000,125,1.1,,,,,,,,,1600,2000,100,100,,,,,,,,Mushroom,,
PCM,1.00E+07,https://ieeexplore.ieee.org/document/1269424,10.1109/IEDM.2003.1269424,,1,IEDM,2003,,,,,,,,,6.00E+03,2.00E+05,,,,,0.55,,,,,,,,,600,1300,50,30,,,,,,,,ATE,,
PCM,1.00E+06,https://ieeexplore.ieee.org/document/1269423,10.1109/IEDM.2003.1269423,,1,IEDM,2003,,,,,,,,,3.00E+04,2.00E+06,,,,,2.5,,,,,,,,,,,1250,15,1.3,2.8,,,,,,Mushroom,,
PCM,,https://ieeexplore.ieee.org/document/1269422,10.1109/IEDM.2003.1269422,,1,IEDM,2003,,,640,,,,,,1.00E+03,1.00E+06,,,,,1.1,,,,,,,,,,700,,,,,,,,,,Confined,,
PCM,,https://ieeexplore.ieee.org/document/1269271,10.1109/IEDM.2003.1269271,,1,IEDM,2003,,,,,,,,,8.00E+03,2.00E+05,,,3.15E+08,120,1.1,,,,,,,,,,,50,30,,,,,,,,Edge Contact,,
PCM,1.00E+09,https://ieeexplore.ieee.org/document/1269376,10.1109/IEDM.2003.1269376,,1,IEDM,2003,,,0.25,,,,,,1.00E+04,3.00E+05,,,100,210,,,,,,,,,,,50,100,100,,,,,,,,Mushroom,,
PCM,,https://ieeexplore.ieee.org/document/1332583,10.1109/ISSCC.2004.1332583,,1,ISSCC,2004,,,504,,,,,,2.00E+03,2.00E+05,,,,,0.5,,,,,,,,,,,"80 (dev), 120 (cct)","20 (dev), 50 (cct)",3,3,,,,,,,,
,,,,,,,,,,,,,,,,,,,,,,,,,,,,,,,,,,,,,,,,,,,,
PCM,1.00E+11,https://ieeexplore.ieee.org/document/1345368,10.1109/VLSIT.2004.1345368,,1,VLSI (T),2004,,,320,,,,,,1.00E+04,1.00E+06,,,100,200,1.6,,,,,,,,,,600,100,40,0.3,,,,,,,μtrench,,
PCM,,https://ieeexplore.ieee.org/document/1345369,10.1109/VLSIT.2004.1345369,,1,VLSI (T),2004,,,504,,,,,,2.00E+04,1.00E+06,,,,,0.45,,,,,,,,,500,1000,,,,,,,,,,Mushroom,,
PCM,5.00E+06,https://ieeexplore.ieee.org/document/1346644,10.1109/VLSIC.2004.1346644,,1,VLSI (C),2004,,,320,,,,,,2.00E+04,4.00E+05,,,,,,,,,,,,,,,300,150,40,2.7,,,,,,,Mushroom,,
PCM,1.00E+09,https://ieeexplore.ieee.org/document/1419329,10.1109/IEDM.2004.1419329,,1,IEDM,2004,,,290,,,,,,6.00E+03,2.00E+06,,,3.15E+08,85,0.6,,,,,,,,,600,,150,10,,,,,,,,Mushroom,,
PCM,,https://ieeexplore.ieee.org/document/1493862,10.1109/ISSCC.2005.1493862,,1,ISSCC,2005,,,504,,,,,,1.20E+03,1.00E+05,,,,,0.5,,,,,,,,,200,600,180,40,,,,,,,,,,
PCM,,https://ieeexplore.ieee.org/document/1696081,10.1109/ISSCC.2006.1696081,,1,ISSCC,2006,,,166,,,,,,1.50E+03,1.00E+05,,,,,,,,,,,,,,,600,500,500,,,,,,,,,,
PCM,1.00E+06,https://ieeexplore.ieee.org/document/1705246,10.1109/VLSIT.2006.1705246,,1,VLSI (T),2006,,,,,,,,,1.00E+05,1.00E+07,,,,,1.1,,,,,,,,,,900,,,,,,,,,,Confined,,
PCM,1.00E+08,https://ieeexplore.ieee.org/document/1705247,10.1109/VLSIT.2006.1705247,,1,VLSI (T),2006,,,96.8,,,,,,4.00E+03,4.00E+05,,,3.15E+08,110,,,,,,,,,,,400,,,,,,,,,,"μtrench
",,
PCM,1.00E+08,https://ieeexplore.ieee.org/document/1705247,10.1109/VLSIT.2006.1705247,,1,VLSI (T),2006,,,96.8,,,,,,3.00E+03,3.00E+05,,,3.15E+08,115,,,,,,,,,,,700,,,,,,,,,,Lance,,
PCM,1.00E+06,https://ieeexplore.ieee.org/document/4154327,10.1109/IEDM.2006.346908,,1,IEDM,2006,,,707,,,,,,5.00E+03,6.00E+06,,,,,1.1,,,,,,,,,100,100,300,100,,,,,,,,Mushroom,,
PCM,1.00E+04,https://ieeexplore.ieee.org/document/4154329,10.1109/IEDM.2006.346910,,1,IEDM,2006,,,,,,,,,4.00E+04,3.00E+06,,,100,170,1,,,,,,,,,60,100,100,70,,,,,,,,Bridge Cell,,
PCM,,https://ieeexplore.ieee.org/document/7223709,10.1109/VLSIT.2015.7223709,,1,VLSI (T),2015,,,,,,,,,,,,,31540000,70,,,,,,,,,,40,Var,160,40,,,,,,,,Mushroom,,
PCM,1.00E+05,https://ieeexplore.ieee.org/document/4339743,10.1109/VLSIT.2007.4339743,,1,VLSI (T),2007,,,,,,,,,1.00E+04,1.00E+07,,,,,,,,,,,,,,,250,80,50,,,,,,,,Pore,,
PCM,1.00E+08,https://ieeexplore.ieee.org/document/4339744,10.1109/VLSIT.2007.4339744,,1,VLSI (T),2007,,,,,,,,,6.70E+03,1.00E+06,,,172800,140,,,,,,,,,,,260,,,,,,,,,,Confined,,
PCM,1.00E+11,https://ieeexplore.ieee.org/document/4418933,10.1109/IEDM.2007.4418933,,1,IEDM,2007,,,320,,,,,,1.00E+04,1.00E+06,,,100,200,1.6,,,,,,,,,400,700,100,40,,,,,,,,μtrench,,
PCM,1.00E+06,https://ieeexplore.ieee.org/document/4418935,10.1109/IEDM.2007.4418935,,1,IEDM,2007,,,,,,,,,1.00E+04,2.00E+05,,,3.15E+08,85,,,,,,,,,,150,350,100,50,,,,,,,,Cross-spacer,,
PCM,1.00E+05,https://ieeexplore.ieee.org/document/4523240,10.1109/ISSCC.2008.4523240,,1,ISSCC,2008,,,97,,,,,,1.00E+04,1.00E+06,,,3.60E+06,125,0.9,,,,,,,,,300,300,,,,,,,,,,μtrench,,
PCM,2.00E+10,https://ieeexplore.ieee.org/document/4796654,10.1109/IEDM.2008.4796654,,1,IEDM,2008,,,10,,,,,,,,,,3.15E+08,125,0.65,,,,,,,,,,160,50,,,,,,,,,Dash Confined,,
PCM,1.00E+05,https://ieeexplore.ieee.org/document/4796653,10.1109/IEDM.2008.4796653,,1,IEDM,2008,,,,,,,,,1.00E+04,3.00E+06,,,36000,130,1.1,,,,,,,,,,,,,,,,,,,,Mushroom,,
PCM,2.00E+05,https://ieeexplore.ieee.org/document/5200606,,,1,VLSI (T),2009,,,0.25,,,,,,1.00E+04,5.00E+05,,,,,,,,,,,,,,,,200,100,,,,,,,,Mutli-confined,,
PCM,1.00E+06,https://ieeexplore.ieee.org/document/5424413,10.1109/IEDM.2009.5424413,,1,IEDM,2009,,,290,,,,,,7.00E+03,4.00E+06,,,3.15E+08,85,,,,,,,,,,,400,300,100,,,,,,,,Confined,,
PCM,1.00E+08,https://ieeexplore.ieee.org/document/5424409,10.1109/IEDM.2009.5424409,,1,IEDM,2009,,,15,,,,,,2.00E+04,8.00E+05,,,3600,160,,,,,,,,,,100,200,,,,,,,,,,Confined,,
PCM,1.00E+06,https://ieeexplore.ieee.org/document/5433911,10.1109/ISSCC.2010.5433911,,1,ISSCC,2010,,,290,,,,,,5.00E+04,1.00E+06,,,3.15E+08,100,,,,,,,,,,,,300,100,2.8,2.8,,,,,,,,
PCM,2.00E+11,https://ieeexplore.ieee.org/document/5556228,10.1109/VLSIT.2010.5556228,,1,VLSI (T),2010,,,1.16,,,,,,,,,,1.42E+08,85,,,,,,,,,,,,30,30,,,,,,,,Dash Confined,,
PCM,,https://ieeexplore.ieee.org/document/5703441,10.1109/IEDM.2010.5703441,,1,IEDM,2010,,,,,,,,,4.00E+02,1.00E+05,,,100000,200,,,,,,,,,,10000,20000,100,100,,,,,,,,Mushroom,,
PCM,1.00E+09,https://ieeexplore.ieee.org/document/5703442,10.1109/IEDM.2010.5703442,,1,IEDM,2010,,,200,,,,,,1.00E+04,1.00E+06,,,3.15E+08,55,1.5,,,,,,,,,,400,,,,,,,,,,Line,,
PCM,1.00E+02,https://ieeexplore.ieee.org/document/5984657,,,1,VLSI (T),2011,,,,,,,,,,,,,86400,110,,,,,,,,,,,45,,,,,,,,,,Transistor Chain,,
PCM,1.00E+07,https://ieeexplore.ieee.org/document/5984658,,,1,VLSI (T),2011,,,,,,,,,1.00E+04,1.00E+06,,,,,,,,,,,,,,,300-1000,10000,,,,,,,,,Mushroom,,
,,,,,,,,,,,,,,,,,,,,,,,,,,,,,,,,,,,,,,,,,,,,
PCM,1.00E+06,https://ieeexplore.ieee.org/document/4242471,10.1109/ISSCC.2007.373500,,1,ISSCC,2007,,,707,,,,,,5.00E+03,6.00E+06,,,100,170,1.1,,,,,,,,,100,100,300,100,,,,,,,,Mushroom,,
PCM,1.00E+02,https://ieeexplore.ieee.org/document/5984659,,,1,VLSI (T),2011,,,0.1,,,,,,1.50E+06,2.00E+07,,,,,12,,,,,,,,,,,,50,0.45,1.4,,,,,,Cross-point,,
PCM,1.00E+07,https://ieeexplore.ieee.org/document/5986431,,,1,VLSIC,2011,,,8750,,,,,,1.00E+05,3.00E+06,,,,,,,,,,,,,,,,200,20,3,2.5,,,,,,Mushroom,,
PCM,1.00E+08,https://ieeexplore.ieee.org/document/6131480,10.1109/IEDM.2011.6131480,,1,IEDM,2011,,,7,,,,,,6.00E+04,3.00E+06,,,2000,260,1.9,,,,,,,,,80,200,30,30,,,,,,,,Dash Confined,,
PCM,2.00E+07,https://ieeexplore.ieee.org/document/6131481,10.1109/IEDM.2011.6131481,,1,IEDM,2011,,,,,,,,,2.00E+04,3.00E+06,,,3600,190,,,,,,,,,,,500,300,40,,,,,,,,Mushroom,,
PCM,2.00E+02,https://ieeexplore.ieee.org/document/8000557,10.1126/science.1201938,,1,Science,2011,,,,,,,,,2.00E+06,5.00E+07,,,,,3.5,,,,,,,,,,,150,50,5,1,,,,,,nanowire,,
PCM,1.00E+07,https://ieeexplore.ieee.org/document/6479143,10.1109/IEDM.2012.647914,,1,IEDM,2012,,,,,,,,,1.00E+04,1.00E+05,,,100,190,0.5,,,,,,,,,,,100,6,0.8,1.7,,,,,,Confined,,
PCM,1.00E+07,https://ieeexplore.ieee.org/document/6479144,10.1109/IEDM.2012.647914,,1,IEDM,2012,,,,,,,,,2.00E+04,3.00E+06,,,,,2,,,,,,,,,,220,,20,2,,,,,,,Mushroom,,
PCM,1.00E+06,https://ieeexplore.ieee.org/document/6242448,10.1109/VLSIT.2012.6242448,,1,VLSI (T),2012,,,,,,,,,,,,,,,,,,,,,,,,,,,,,,,,,,,Transistor Chain,,
PCM,,https://ieeexplore.ieee.org/document/6242456,10.1109/VLSIT.2012.6242456,,1,VLSI (T),2012,,,,,,,,,2.00E+04,1.00E+06,,,,,1.1,,,,,,,,,,,200,20,,,,,,,,Mushroom,,
PCM,1.00E+05,https://ieeexplore.ieee.org/document/6242451,10.1109/VLSIT.2012.6242451,,1,VLSI (T),2012,,,,,,,,,,,,,,,,,,,,,,,,90,200,,5000,,,,,,,,Pore,,
PCM,1.00E+08,https://ieeexplore.ieee.org/document/6479069,10.1109/IEDM.2012.6479069,,1,IEDM,2012,,,,,,,,,1.00E+03,1.00E+05,,,,,,,,,,,,,,,15000,10,,2.5,,,,,,,Mushroom,,
PCM,2.00E+07,https://ieeexplore.ieee.org/document/6479141,10.1109/IEDM.2012.6479141,,1,IEDM,2012,,,,,,,,,2.00E+05,4.00E+06,,,57600,160,,,,,,,,,,,50,160,,,,,,,,,Mushroom,,
PCM,1.00E+06,https://ieeexplore.ieee.org/abstract/document/6576699,,,1,VLSI (T),2013,,,,,,,,,1.00E+03,1.00E+05,,,,,,,,,,,,,,,,,,,0.46,,,,,,Mushroom; 3.3MA/cm2,,
PCM,1.00E+08,https://ieeexplore.ieee.org/document/6576700,,,1,VLSI (T),2013,,,0.8,,,,,,5.00E+04,1.00E+06,,,,,,,,,,,,,,100,,200,,,,,,,,,Confined,,
PCM,1.00E+09,https://ieeexplore.ieee.org/document/6724726,10.1109/IEDM.2013.6724726,,1,IEDM,2013,,,,,,,,,2.00E+05,3.00E+07,,,72000,55,,,,,,,,,,,150,20,20,1,,,,,,,Mushroom,,
PCM,1.00E+08,https://ieeexplore.ieee.org/document/6724725,10.1109/IEDM.2013.6724725,,1,IEDM,2013,,,,,,,,,3.00E+03,2.00E+06,,,,,,,,,,,,,,,70,10,,1.25,,,,,,,Mushroom,On/off ratio mentioned in RESET Current.,
PCM,1.00E+05,https://ieeexplore.ieee.org/document/6257011,10.1021/nl3038097,,1,Nanoletters,2013,,,0.0023,,,,,,1.30E+06,2.50E+09,,,,,3.2,,,,,,,,,,,30,30,0.1,1.6,,,,,,nanowire,,
PCM,1.00E+09,https://ieeexplore.ieee.org/document/6894383,10.1109/VLSIT.2014.6894383,,1,VLSI (T),2014,,,,,,,,,1.00E+05,1.00E+07,,,1800,150,,,,,,,,,,60,,20-30,,,,,,,,,Mushroom,,
,,,,,,,,,,,,,,,,,,,,,,,,,,,,,,,,,,,,,,,,,,,,
PCM,1.00E+05,https://poplab.stanford.edu/pdfs/Ahn-PCMgrapheneBarrier-nl15.pdf,10.1021/acs.nanolett.5b02661,,,Nanoletters,2015,,,2.5,,,,,,7.00E+04,2.00E+06,,,,,5,,,,,,,,,,1200,100,50,,,,,,,,Mushroom,,
PCM,,https://ieeexplore.ieee.org/document/7047131,10.1109/IEDM.2014.7047131,,1,IEDM,2014,,,1.96,,,,,,2.00E+03,1.00E+06,,,,,,,,,,,,,,,3000,,,,,,,,,,Self-Heating Pillar,,
PCM,,https://ieeexplore.ieee.org/document/7047131,10.1109/IEDM.2014.7047131,,1,IEDM,2014,,,0.15,,,,,,2.00E+04,2.00E+06,,,,,,,,,,,,,,,80,,,,,,,,,,Wall,,
PCM,,https://ieeexplore.ieee.org/document/7047131,10.1109/IEDM.2014.7047131,,1,IEDM,2014,,,1.4,,,,,,1.00E+04,5.00E+07,,,,,,,,,,,,,,,300,,,,,,,,,,Line,,
PCM,1.00E+08,https://ieeexplore.ieee.org/document/7047136,10.1109/IEDM.2014.7047136,,1,IEDM,2014,,,15,,,,,,2.00E+04,8.00E+05,,,,,1.1,,,,,,,,,,,500,160,0.85,0.75,,,,,,Mushroom,,
PCM,1.00E+11,https://ieeexplore.ieee.org/stamp/stamp.jsp?tp=&arnumber=7573405,10.1109/vlsit.2016.7573405,1,,VLSI,2016,,,,,,,256,1,1000000,100000000,,,3153600000,55,,,,,,,,,,,,80,,,,,,,,,,,
PCM,1.00E+11,https://ieeexplore.ieee.org/document/7573405,10.1109/VLSIT.2016.7573405,,0,VLSI (T),2016,,,0.035,,,,,,1.00E+06,2.00E+08,,,8000,120,,,,,,,,,,,20,80,,,,,,,,,Mushroom,,
PCM,,https://ieeexplore.ieee.org/document/7417943,10.1109/ISSCC.2016.7417943,,1,ISSCC,2016,,,,,,,,,,,,,180000,85,,,,,,,,,,,,,,,,,,,,,Mushroom,,
PCM,2.00E+12,https://ieeexplore.ieee.org/document/7838343,10.1109/IEDM.2016.7838343,,1,IEDM,2016,,,0.16,,,,,,2.00E+04,2.00E+05,,,,,,,,,,,,,,,600,80,,,,,,,,,Confined PCM with metallic liner,,
PCM,100000,https://ieeexplore.ieee.org/document/7838463,10.1109/IEDM.2016.7838463,,1,IEDM,2016,,,0.05,,,,,,2.00E+04,2.50E+05,,,3.15E+08,210,,,,,,,,,,400,400,,480,,,,,,,,Mushroom Cell with confined BE,,
PCM,1.00E+07,https://ieeexplore.ieee.org/stamp/stamp.jsp?tp=&arnumber=8614680,10.1109/IEDM.2018.8614680,1,1,IEDM,2018,,4,,,1S1R,,128000,2,,,,,36000000,85,,,,,,,,,,,,300,30,,,,,,,,,,
PCM,2.00E+05,https://ieeexplore.ieee.org/stamp/stamp.jsp?tp=&arnumber=8614513,10.1109/IEDM.2018.8614513,1,,IEDM,2018,40,,,,1T1R,,,1,10000,1000000,100,,315360000,120,,,,,,,,,,300,,100,,,,,,,,,,,
PCM,1.00E+06,https://ieeexplore.ieee.org/stamp/stamp.jsp?tp=&arnumber=8614595,10.1109/IEDM.2018.8614595,1,,IEDM,2018,28,25,0.036,,1T1R,,128,1,1.00E+04,1.00E+06,,,315360000,150,,,,,,,,,,,,,,,,,,,,,,,
PCM,1.00E+08,https://ieeexplore.ieee.org/stamp/stamp.jsp?tp=&arnumber=8614538,10.1109/IEDM.2018.8614538,1,,IEDM,2018,40,50,,,,,128,1,100,10000,100,,315360000,128,,,,,,,,,,400,640,500,50,,,,,,,,,,
PCM,,https://ieeexplore.ieee.org/stamp/stamp.jsp?tp=&arnumber=8614558,10.1109/IEDM.2018.8614558,1,,IEDM,2018,,,,,,,,1,,,,,,,,,,,,,,,,,,,,,,,,,,,,,
PCM,1.00E+06,https://ieeexplore.ieee.org/document/8614595,10.1109/IEDM.2018.8614595,,1,IEDM,2018,,,3.60E-05,,,,,,1.00E+04,1.00E+06,,,3.15E+08,150,1,,,,,,,,,,,,,,,,,,,,Mushroom Cell,,
PCM,8.00E+08,https://ieeexplore.ieee.org/document/7047138,10.1109/IEDM.2014.7047138,,1,IEDM,2014,,,0.707,,,,,,1.00E+04,1.00E+06,,,,,,,,,,,,,,,120,,50,,,,,,,,Mushroom Cell,,
PCM,1.00E+07,https://ieeexplore.ieee.org/document/8614680,10.1109/IEDM.2018.8614680,,,IEDM,2018,,4,,,1S1R,,,,,,,,3.60E+07,85,,,,,,,,,,,,300,30,,,,,,,,mushroom cell in two decks,Clarify and remove (latency) marker on SET and RESET speeds,
PCM,1.00E+08,https://ieeexplore.ieee.org/document/7223708,10.1109/VLSIT.2015.7223708,,1,VLSI (T),2015,,,,,,,,,1.00E+04,2.00E+06,,,3600,250,,,,,,,,,,,220,700,,,,,,,,,,,
PCM,2.00E+05,https://ieeexplore.ieee.org/document/8614513,10.1109/IEDM.2018.8614513,,,IEDM,2018,,,0.04,,1T1R,,,,2.00E+04,2000000,,,3.15E+08,120,,,,,,,,,,,300,100,,,,,,,,,PCM test chip,,
PCM,1.00E+09,https://ieeexplore.ieee.org/document/7409620,10.1109/IEDM.2015.7409620,,1,IEDM,2015,,,,,,,,,1.00E+04,2.00E+05,,,3600,285,,,,,,,,,,,,,80,,,,,,,,Mushroom,,
PCM,,https://ieeexplore.ieee.org/stamp/stamp.jsp?tp=&arnumber=9492465,,0,0,VLSI,2021,28,25,0.019,,,,128,1,,,,,,,,,,,,,,,,,,,10,,,,,,,,,,
PCM,2.00E+11,https://ieeexplore.ieee.org/stamp/stamp.jsp?tp=&arnumber=9265039,10.1109/VLSITechnology18217.2020.9265039,1,,VLSI (T),2020,,,,,1S1R,,1,1,,,,,,,,,,,,,,,,,,,,,,,,,,,,,
PCM,,https://ieeexplore.ieee.org/stamp/stamp.jsp?tp=&arnumber=9731670,10.1109/ISSCC42614.2022.9731670,0,,ISSCC,2022,40,,,,,,,1,,,,,,,,,,,,,,,,,,,,,,,,,,,Cannot be used as a configuration,Range of bit cells. Split up.,
PCM,,https://ieeexplore.ieee.org/stamp/stamp.jsp?tp=&arnumber=9731670,10.1109/ISSCC42614.2022.9731670,0,,ISSCC,2022,40,,,,,,,2,,,,,,,,,,,,,,,,,,,,,,,,,,,Cannot be used as a configuration,,
PCM,1.00E+08,https://ieeexplore.ieee.org/document/8614538,10.1109/IEDM.2018.8614538,,1,IEDM,2018,,50,0.04,,,,,,3.10E+04,1.00E+08,,,3.15E+08,128,1.08,,,,,,,,,400,640,500,50,,,,,,,,,,
PCM,1.00E+11,https://pubmed.ncbi.nlm.nih.gov/31439757/,10.1126/science.aay0291,,1,VLSI,2019,,,0.027,,,,,,1.00E+04,1000000,,,,,,,,,,,,,,,,100,,,,,,,,,desc: Confined PCM with metallic liner,,check cell area (um)
PCM,1.00E+08,https://ieeexplore.ieee.org/document/9371934,10.1109/IEDM13553.2020.9371934,,1,Science,2019,,,,,,,,,5.00E+03,1000000,,,,,0.9,,,,,,,,,,300,100,100,`,,,,,,,structure desc: Mushroom Cell,,
PCM,1.00E+07,https://ieeexplore.ieee.org/document/9508720,,,1,IEDM,2020,,,0.019,,,,,,1.00E+04,1.00E+06,,,210,265,1.5,,,,,,,,,,,,,,,,,,,,Self-aligned wall heater; 1BJT-1PCM,,
PCM,1.00E+07,https://pubmed.ncbi.nlm.nih.gov/35570382/,10.1002/adma.202201238,,1,VLSI,2021,,,0.015,,,,,,1.00E+04,1.00E+06,,,3600,240,,,,,,,,,,,,,,,,,,,,,1BJT-1PCM,,
RRAM,1.06E+02,https://ieeexplore.ieee.org/document/1419228,10.1109/IEDM.2004.1419228,,1,IEDM,2004,,,0.2,,1T1R,,,,1.00E+02,1.00E+05,,,1.08E+06,150,3,,,5000,,,,2,,,,,,,,,,,,,,,
RRAM,600,https://ieeexplore.ieee.org/document/1609461,10.1109/IEDM.2005.1609461,,1,IEDM,2005,,,0.03,,1T1R,,,,1.05E+02,1.00E+09,,,108000,90,3,,,50,,,,0.045,,,,,,,,,,,,,,,
RRAM,1.00E+06,https://ieeexplore.ieee.org/document/.346733,10.1109/IEDM.2006.346733,,1,IEDM,2006,,,25,,1R,,,,5.00E+03,1.00E+06,,,100800,85,2,,,10,,,,0.5,,,,,,,,,,,,,,,
RRAM,1.00E+00,https://ieeexplore.ieee.org/document/4419060,10.1109/IEDM.2007.4419060,,1,IEDM,2007,,,0.49,,1T1R,,,,5.00E+03,1.00E+06,,,3.60E+06,150,3,,,5,,,,0.1,,,,,,,,,,,,,,,
RRAM,1.00E+09,https://ieeexplore.ieee.org/document/4796676,10.1109/IEDM.2008.4796676,,1,IEDM,2008,,,0.25,,1T1R,,,,2.00E+03,5.00E+04,,,1.08E+07,150,2,,,10,,,,0.017,,,,,,,,,,,,,,,
RRAM,1.00E+06,https://ieeexplore.ieee.org/document/4796677,10.1109/IEDM.2008.4796677,,1,IEDM,2008,,,0.1,,1T1R,,,,1.00E+03,1.00E+07,,,36000,200,1.5,,,5,,,,0.025,,,,,,,,,,,,,,,
RRAM,1.00E+06,https://ieeexplore.ieee.org/document/5424411,10.1109/IEDM.2009.5424411,,1,IEDM,2009,,,0.0009,,1T1R,,,,1.00E+03,1.00E+05,,,100800,150,1.5,,,40,,,,0.2,,,,,,,,,,,,,,,
RRAM,1.00E+06,https://ieeexplore.ieee.org/document/5424408,10.1109/IEDM.2009.5424408,,1,IEDM,2009,,,0.19,,1T1R,,,,8.00E+04,2.00E+06,,,3.60E+06,150,4,,,10000,,,,0.15,,,,,,,,,,,,,,,
RRAM,1.00E+05,https://ieeexplore.ieee.org/document/5556181,10.1109/VLSIT.2010.5556181,,1,VLSI,2010,,,3,,1T1R,,,,1.00E+03,1.00E+05,,,432000,100,3,,,1000,,,,0.2,,,,,,,,,,,,,,,
RRAM,1.00E+10,https://ieeexplore.ieee.org/document/5703395,10.1109/IEDM.2010.5703395,,1,IEDM,2010,,,,,1R,,,,1.00E+04,1.00E+06,,,,,,,,0.3,,,,0,,,,,,,,,,,,,,,
RRAM,200,https://ieeexplore.ieee.org/document/5703389,10.1109/IEDM.2010.5703389,,1,IEDM,2010,,,0.000081,,1R,,,,5.00E+07,5.00E+08,,,1.01E+06,,4,,,1000,,,,0.001,,,,,,,,,,,,,,,check retention
RRAM,1.00E+06,https://ieeexplore.ieee.org/document/5703390,10.1109/IEDM.2010.5703390,,1,IEDM,2010,,,0.0036,,1T1R,,,,1.00E+04,1.00E+05,,,7200000,150,3,,,50,,,,1,,,,,,,,,,,,,,,
RRAM,1.00E+06,https://ieeexplore.ieee.org/document/5556182,10.1109/VLSIT.2010.5556182,,1,VLSI,2010,,,0.0004,,,TaN/CuxSiyO/Cu,,,1.00E+03,1.00E+07,,,3.15E+08,150,2,,,10000,,,,0.1,,,,,,,,,,,,,,,
RRAM,1.00E+06,https://ieeexplore.ieee.org/document/5703392,10.1109/IEDM.2010.5703392,,1,IEDM,2010,,,,,1R,,,,1.00E+08,1.00E+11,,,10800,125,3,,,20,,,,0.0001,,,,,,,,,,,,,,,
RRAM,1.00E+06,https://ieeexplore.ieee.org/document/5703393,10.1109/IEDM.2010.5703393,,1,IEDM,2010,,,0.0025,,1R,,,,1.00E+03,1.00E+04,,,100800,125,2,,,40,,,,0.05,,,,,,,,,,,,,,,
RRAM,5.00E+07,https://ieeexplore.ieee.org/document/6131652,10.1109/IEDM.2011.6131652,,1,IEDM,2011,,,0.0001,,1T1R,,,,1.00E+06,1.00E+07,,,108000,250,1.5,,,10,,,,0.05,,,,,,,,,,,,,,,
RRAM,1.00E+00,https://ieeexplore.ieee.org/document/6131654,10.1109/IEDM.2011.6131654,,1,IEDM,2011,,,0.03,,1R,,,,1.00E+05,8.00E+05,,,,,5,,,1000,,,,0.08,,,,,,,,,,,,,,,check cell area (um)
RRAM,1.00E+07,https://ieeexplore.ieee.org/document/6479084,10.1109/IEDM.2012.6479084,,1,IEDM,2011,,,,,1R,,,,1.00E+07,1.00E+10,,,10080,85,3.5,,,1000,,,,0.001,,,,,,,,,,,,,,,
RRAM,1.00E+07,https://ieeexplore.ieee.org/document/6479079,10.1109/IEDM.2012.6479079,,1,IEDM,2012,,,0.0016,,1T1R,,,,2.00E+04,2.00E+05,,,10800,200,1.5,,,10,,,,0.025,,,,,,,,,,,,,,,
RRAM,,https://ieeexplore.ieee.org/document/6479081,10.1109/IEDM.2012.6479081,,1,IEDM,2012,,,1,,1T1R,,,,1.00E+06,1.00E+08,,,97200,100,2.5,,,,,,,0.2,,,,,,,,,,,,,,,
RRAM,1.00E+05,https://ieeexplore.ieee.org/document/6479082,10.1109/IEDM.2012.6479082,,1,IEDM,2012,,,0.0014,,1T1R,,,,1.00E+07,1.00E+09,,,3.15E+08,85,4.5,,,50,,,,0.0000002,,,,,,,,,,,,,,,
RRAM,1.00E+06,https://ieeexplore.ieee.org/document/6479146,10.1109/VLSIT.2012.6479146,,1,IEDM,2012,,,0.0308,,1T1R,,,,2.00E+04,1.00E+06,,,1.44E+06,150,2.5,,,100000,,,,0.06,,,,,,,,,,,,,,,
RRAM,,https://ieeexplore.ieee.org/document/6242467,10.1109/VLSIT.2012.6242467,,1,VLSI,2012,,,0.0324,,1T1R,,,,5.00E+05,1.00E+07,,,360000,150,3,,,,,,,0.08,,,,,,,,,,,,,,,
RRAM,,https://ieeexplore.ieee.org/document/6242506,10.1109/VLSIT.2012.6242506,,1,VLSI,2012,,,0.0029,,1R,,,,5.00E+05,5.00E+06,,,20,150,4,,,10,,,,0.05,,,,,,,,,,,,,,,check retention
RRAM,6.00E+02,https://ieeexplore.ieee.org/document/6242507,10.1109/VLSIT.2012.6242507,,1,VLSI,2012,,,0.001,,1R,,,,2.00E+04,2.00E+05,,,,,3,,,50,,,,0.4,,,,,,,,,,,,,,,
RRAM,1.00E+07,https://ieeexplore.ieee.org/document/6242510,10.1109/VLSIT.2012.6242510,,1,VLSI,2012,,,0.0035,,1T1R,,,,1.00E+05,1.00E+06,,,10800,250,2,,,10,,,,0.0005,,,,,,,,,,,,,,,
RRAM,1.00E+06,https://ieeexplore.ieee.org/document/6242508,10.1109/VLSIT.2012.6242508,,1,VLSI,2012,,,0.0225,,1S1R,,,,1.00E+03,1.00E+04,,,,,2,,,10000,,,,0.8,,,,,,,,,,,,,,,
RRAM,1.00E+08,https://ieeexplore.ieee.org/document/6479083,10.1109/IEDM.2012.6479083,,1,IEDM,2012,,,4,,1R,,,,1.00E+05,1.00E+07,,,100800,125,3.5,,,100,,,,0.05,,,,,,,,,,,,,,,
RRAM,,https://ieeexplore.ieee.org/document/2280296,10.1109/JSSC.2013.2280296,,1,ISSCC,2013,,,0.000576,,1S1R,,,,,,,,,,,,,230000,,,,0,,,,,,,,,,,,,,,
RRAM,,https://ieeexplore.ieee.org/document/6724599,10.1109/IEDM.2013.6724599,,1,IEDM,2013,,,0.0016,,1R,,,,1.00E+07,1.00E+09,,,604800,125,2,,,10,,,,0.001,,,,,,,,,,,,,,,
RRAM,15,https://ieeexplore.ieee.org/document/6724600,10.1109/IEDM.2013.6724600,,1,IEDM,2013,,,0.0009,,1R,,,,5.00E+05,5.00E+08,,,1.08E+06,300,5,,,,,,,0.8,,,,,,,,,,,,,,,
RRAM,1.00E+06,https://ieeexplore.ieee.org/document/6724602,10.1109/IEDM.2013.6724602,,1,IEDM,2013,,,0.008,,1R,,,,1.00E+04,1.00E+05,,,10080,85,1,,,,,,,0.1,,,,,,,,,,,,,,,
RRAM,1.00E+07,https://ieeexplore.ieee.org/document/6724673,10.1109/IEDM.2013.6724673,,1,IEDM,2013,,,0.00011,,1R,,,,1.00E+04,1.00E+06,,,43200,125,2.5,,,100,,,,1,,,,,,,,,,,,,,,
RRAM,1.00E+08,https://ieeexplore.ieee.org/stamp/stamp.jsp?tp=&arnumber=7046998,10.1109/IEDM.2014.7046998,1,,IEDM,2014,,,1,,,,,1,1.00E+05,1.00E+07,,,3.15E+08,,,,,,,,,,,,,20,,,,,,,,,,,
RRAM,1.00E+08,https://ieeexplore.ieee.org/stamp/stamp.jsp?tp=&arnumber=7046999,10.1109/IEDM.2014.7046999,1,,IEDM,2014,,,0.0015,,1S1R,,,1,,,,,,,,,,50,,,,,,,,,,,,,,,,,structure desc: 3D,,
RRAM,1000,https://ieeexplore.ieee.org/stamp/stamp.jsp?tp=&arnumber=7047125,10.1109/IEDM.2014.7047125,1,,IEDM,2014,,,,,1T1R,,,1,1.70E+04,4.00E+05,,,3.15E+08,70,,,,,,,,,,,,680,840,,,,,,,,,,
RRAM,1.00E+05,https://ieeexplore.ieee.org/stamp/stamp.jsp?tp=&arnumber=6894401,10.1109/VLSIT.2014.6894401,1,,VLSI,2014,,,0.04,,,,,1,2.00E+04,1.00E+06,,,2.59E+06,250,,,,,,,,,,,,5,,,,,,,,,,,
RRAM,,https://ieeexplore.ieee.org/stamp/stamp.jsp?tp=&arnumber=7046988,10.1109/IEDM.2014.7046988,1,,IEDM,2014,,,,,,,,1,2.00E+05,1.00E+08,,,1.80E+04,20,,,,,,,,,,,,,,3,1.7,,,,,,3D G-RRAM,,
RRAM,1000,https://ieeexplore.ieee.org/stamp/stamp.jsp?tp=&arnumber=6894405,10.1109/VLSIT.2014.6894405,1,,VLSI,2014,,4,,,1S1R,,,1,,,,,,,,,,,,,,,,,,,,,,,,,,,,,
RRAM,1.00E+04,https://ieeexplore.ieee.org/stamp/stamp.jsp?tp=&arnumber=6894402,10.1109/VLSIT.2014.6894402,1,,VLSI,2014,,,0.000003,,,,,1,1.00E+04,1.00E+06,,,7.20E+07,250,,,,,,,,,,,,400,,,,,,,,,,,
RRAM,1.00E+08,https://ieeexplore.ieee.org/stamp/stamp.jsp?tp=&arnumber=6894435,10.1109/VLSIT.2014.6894435,1,,VLSI,2014,180,,,,,,,1,8.00E+04,2.00E+07,,,3.60E+06,125,,,,,,,0.681,,,,,60,1000,,,,,,,,,,
RRAM,,https://ieeexplore.ieee.org/document/6757460,10.1109/ISSCC.2014.6757460,,1,ISSCC,2014,,,0.004374,,1S1R,,,,,,,,,,6.5,,,2000,,,,0,,,,,,,,,,,,,,,
RRAM,1.00E+09,https://ieeexplore.ieee.org/document/6894435,10.1109/VLSIT.2014.6894435,,,VLSI,2014,,,0.0324,,1T1R,,,,3.00E+04,3.00E+07,,,3.15E+08,85,,,,1000,,,,0,,,,,,,,,,,,,,,
RRAM,1.00E+04,https://ieeexplore.ieee.org/document/6894402,10.1109/VLSIT.2014.6894402,,,VLSI,2014,,,0.000003,,1R,,,,1.00E+04,1.00E+06,,,72000000,250,3,,,50,,,,0.5,,,,,,,,,,,,,,,
RRAM,1.00E+03,https://ieeexplore.ieee.org/document/6894405,10.1109/VLSIT.2014.6894405,,,VLSI,2014,,,,,1S1R,,,,1.40E+03,3.50E+04,,,,,2,,,,,,,0.03,,,,,,,,,,,,,cell area: (5Xnm),,check cell area (um) (5Xnm)
RRAM,1.00E+09,https://ieeexplore.ieee.org/document/6894401,10.1109/VLSIT.2014.6894401,,,VLSI,2014,,,0.02,,1T1R,,,,2.00E+04,2.00E+05,,,,250,1.2,,,5,,,,0.05,,,,,,,,,,,,,,,convert retention from days to seconds
RRAM,,https://ieeexplore.ieee.org/document/7046988,10.1109/IEDM.2014.7046988,,,IEDM,2014,,,0.03,,1R,,,,1.00E+06,1.00E+09,,,18000,,4,,,,,,,0.02,,,,,,,,,,,,,,,
RRAM,1.00E+03,https://ieeexplore.ieee.org/document/7047125,10.1109/IEDM.2014.7047125,,,IEDM,2014,,,0.01,,1T1R,,,,2.00E+04,2.00E+05,,,3.15E+08,70,3,,,40,,,,0.06,,,,,,,,,,,,,,,
RRAM,1.00E+08,https://ieeexplore.ieee.org/document/7046999,10.1109/IEDM.2014.7046999,,,IEDM,2014,,,0.0015,,1S1R,,,,1.40E+05,1.40E+09,,,,,2,,,50,,,,0.1,,,,,,,,,,,,,,,
RRAM,1.00E+08,https://ieeexplore.ieee.org/document/7046998,10.1109/IEDM.2014.7046998,,,IEDM,2014,,,,,1R,,,,3.00E+04,3.00E+07,,,3.15E+08,,2.5,,,20,,,,0.1,,,,,,,,,,,,,1 (15nm),,check cell area (um)
RRAM,1.00E+05,https://ieeexplore.ieee.org/stamp/stamp.jsp?tp=&arnumber=7223684,10.1109/VLSIT.2015.7223684,1,,VLSI,2015,40,9,0.013689,,,,,1,,,,,3.15E+08,85,,,,,,,,,,,,,,,,,,,,,,,
RRAM,,https://ieeexplore.ieee.org/stamp/stamp.jsp?tp=&arnumber=7231367,10.1109/VLSIC.2015.7231367,1,,VLSI,2015,90,,,,,,,1,2.00E+04,3.00E+05,,,2.40E+03,200,,,,,,,,,,,,,,,,,,,,,,,
RRAM,1.00E+06,https://ieeexplore.ieee.org/stamp/stamp.jsp?tp=&arnumber=7223717,10.1109/VLSIT.2015.7223717,1,,VLSI,2015,,,,,,,,1,,,,,9.46E+07,55,,,,,,,,,,,,100,100,,,,,,,,,,
RRAM,1.00E+07,https://ieeexplore.ieee.org/stamp/stamp.jsp?tp=&arnumber=7409667,10.1109/IEDM.2015.7409667,1,,IEDM,2015,,,,,,,,4,9.00E+09,1.00E+12,,,1.00E+04,,,,,,,,,,,,,100,500,,,,,,,,desc: 3D VRRAM,,
RRAM,1.00E+06,https://ieeexplore.ieee.org/stamp/stamp.jsp?tp=&arnumber=7409670,10.1109/IEDM.2015.7409670,1,,IEDM,2015,16,298,0.07632,,,,,1,200000,4000000,,,3.63E+06,150,,,,,,,,,,,,50,1000,,,,,,,,,,
RRAM,1.00E+05,https://ieeexplore.ieee.org/document/7223684,10.1109/VLSIT.2015.7223684,,,VLSI,2015,,,0.0016,,1T1R,,,,4.00E+03,5.00E+04,,,3.15E+08,85,,,,,,,,,,,,,,,,,,,,,,,
RRAM,,https://ieeexplore.ieee.org/document/7231367,10.1109/VLSIC.2015.7231367,,1,VLSI,2015,,,0.01,,1R,,,,1.00E+04,5.00E+05,,,4.00E+07,200,,,,,,,,,,,,,,,,,,,,,,,check retention
RRAM,1.00E+06,https://ieeexplore.ieee.org/document/7223717,10.1109/VLSIT.2015.7223717,,,VLSI,2015,,,0.0013,,1R,,,,1.07E+02,1.00E+08,,,9.46E+07,55,6.5,,,10,,,,0.005,,,,,,,,,,,,,,,
RRAM,1.00E+07,https://ieeexplore.ieee.org/document/7409667,10.1109/IEDM.2015.7409667,,,IEDM,2015,,,0.06,,1R,,,,1.00E+10,1.00E+12,,,104,,4,,,500,,,,0.000001,,,,,,,,,,,,,structure: labeled as (self-selective),,
RRAM,1.00E+05,https://ieeexplore.ieee.org/document/7409670,10.1109/IEDM.2015.7409670,,,IEDM,2015,,,0.07632,,1T1R,,,,2.00E+05,2.00E+06,,,3628800,150,2.3,,,106,,,,0.035,,,,,,,,,,,,,,,
RRAM,1.00E+06,https://ieeexplore.ieee.org/stamp/stamp.jsp?tp=&arnumber=7573431,10.1109/VLSIT.2016.7573431,1,1,VLSI,2016,,,,,,,,4,1.00E+04,3.00E+05,,,1.00E+04,125,,,,,,,,,,,,60,,,,,,,,,3D VRRAM,,
RRAM,1.00E+07,https://ieeexplore.ieee.org/stamp/stamp.jsp?tp=&arnumber=7573388,10.1109/VLSIT.2016.7573388,1,,VLSI,2016,,,,,,,,1,1.00E+08,8.00E+09,,,1.00E+04,85,,,,,,,,,,,,100,400,,,,,,,,3D VRRAM,,
RRAM,1.00E+06,https://ieeexplore.ieee.org/document/7573431,10.1109/VLSIT.2016.7573431,,,VLSI,2016,,,0.04,,1T4R,,,,1.00E+04,3.00E+05,,,10800,125,1.5,,,60,,,,0.1,,,,,,,,,,,,,Vertical ,,
RRAM,1.00E+05,https://ieeexplore.ieee.org/document/7573366,10.1109/VLSIT.2016.7573366,,1,VLSI,2016,,,0.11,,1T1R,,,,,,,,3.15E+08,85,,,,100,,,,,,,,,,,,,,,,,,,
RRAM,1.00E+06,https://ieeexplore.ieee.org/document/7573387,10.1109/VLSIT.2016.7573387,,1,VLSI,2016,,,0.0016,,1R,,,,,,,,3.15E+08,55,6,,,10,,,,0.008,,,,,,,,,,,,,,,
RRAM,1.00E+06,https://ieeexplore.ieee.org/document/7573388,10.1109/VLSIT.2016.7573388,,1,VLSI,2016,,,,,1R,,,,1.00E+08,1.00E+10,,,10800,85,3,,,100,,,,0.001,,,,,,,,,,,,,,,
RRAM,,https://ieeexplore.ieee.org/document/7573503,10.1109/VLSIC.2016.7573503,,1,VLSI,2016,,,,,1S1R,,,,,,,,,,3,,,,,,,0.01,,,,,,,,,,,,,,,
RRAM,1.00E+07,https://ieeexplore.ieee.org/document/7838344,10.1109/IEDM.2016.7838344,,1,IEDM,2016,,,,,1S1R,,,,1.00E+04,1.00E+08,,,,,4.5,,,5000,,,,0.07,,,,,,,,,,,,,,,
RRAM,1.00E+06,https://ieeexplore.ieee.org/document/7838345,10.1109/IEDM.2016.7838345,,1,IEDM,2016,,0.0064,,,1R,,,,1.00E+03,2.00E+05,,,,,2,,,1000,,,,0.3,,,,,,,,,,,,,cell area F2: labeled with (80nm),,
RRAM,,https://ieeexplore.ieee.org/document/7838465,10.1109/IEDM.2016.7838465,,1,IEDM,2016,,0.0625,,,1R,,,,1.00E+03,1.00E+05,,,,,2.3,,,100,,,,0.5,,,,,,,,,,,,,cell area F2: labeled with (250nm),,
RRAM,1.00E+06,https://ieeexplore.ieee.org/document/7838428,10.1109/IEDM.2016.7838428,,1,IEDM,2016,,0.04,,,1T4R,,,,1.00E+04,3.00E+05,,,,,1.5,,,60,,,,0.1,,,,,,,,,,,,,structure desc: Vertical,,
RRAM,1.00E+06,https://ieeexplore.ieee.org/stamp/stamp.jsp?tp=&arnumber=8240203,10.1109/ASSCC.2017.8240203,1,,ASSCC,2017,40,44,0.07,0.28,,,,1,1.00E+04,1.00E+05,,,,,,,,10,,,,,,,,,,1.50E+00,-1.50E+00,,,,,,,,
RRAM,,https://ieeexplore.ieee.org/document/8268312,10.1109/IEDM.2017.8268312,,,IEDM,2017,,,,,1T1R,,,,1.00E+04,1.00E+06,,,,,2,,,100,,,,1.00E-01,,,,,,,,,,,,,,,
RRAM,2.00E+05,https://ieeexplore.ieee.org/document/8268314,10.1109/IEDM.2017.8268314,,1,IEDM,2017,,,,,1T1R,,,,,,,,,,1.5,,,100,,,,,,,,,,,,,,,,,,,
RRAM,1.00E+07,https://ieeexplore.ieee.org/document/8268315,10.1109/IEDM.2017.8268315,,1,IEDM,2017,,,,,8R,,,,5.00E+08,5.00E+10,,,,,8,,,1000,,,,1.00E-03,,,,,,,,,,,,,structure desc: Vertical ,,
RRAM,,https://ieeexplore.ieee.org/stamp/stamp.jsp?tp=&arnumber=8614495,10.1109/IEDM.2018.8614495,1,,IEDM,2018,90,62,0.5,,1T1R,,,4,5.00E+03,1.20E+04,,,5.00E+03,125,,,,,,,,,,,,1000,10000,,,,,,,,Cell size max:1.5um2; structure desc: 3D two-layer ,,
RRAM,,https://ieeexplore.ieee.org/stamp/stamp.jsp?tp=&arnumber=8614593,10.1109/IEDM.2018.8614593,1,,IEDM,2018,28,,,,,,,1,2.00E+04,8.00E+05,,,8.64E+05,150,,,,,,,,,,,,,,,,,,,,,,,
RRAM,,https://ieeexplore.ieee.org/stamp/stamp.jsp?tp=&arnumber=8614512,10.1109/IEDM.2018.8614512,1,,IEDM,2018,90,20,0.165,,,,,1,1000,25000,,,,,,,,,,,,,,,,80000,80000,,,,,,,,,,
RRAM,1000,https://ieeexplore.ieee.org/stamp/stamp.jsp?tp=&arnumber=8310392,10.1109/ISSCC.2018.8310392,1,,ISSCC,2018,40,53,,12.96,,,,1,,,,,,,,,,9,,,,,,,,,,,,,,4.10E-08,,,,,
RRAM,,https://ieeexplore.ieee.org/document/8614593,10.1109/IEDM.2018.8614593,,1,IEDM,2018,,,,,1T1R,,,,1.00E+04,1.00E+06,,,,,1.5,,,,,,,1.00E-01,,,,,,,,,,,,,,,
RRAM,,https://ieeexplore.ieee.org/document/8614612,10.1109/IEDM.2018.8614612,,0,IEDM,2018,,,,,1T1R,,,,1.00E+04,1.00E+08,,,,,2.5,,,,,,,2.00E-01,,,,,,,,,,,,,,,
RRAM,,https://ieeexplore.ieee.org/stamp/stamp.jsp?arnumber=8662393,,0,0,IISCC,2019,22,60,,,,,,2,"6,000",102000,17,,,,0.5,,0.5,10,10000,1,,,,,,,,,,,,1.00E-05,,,Chip area: 33.08mm2,,
RRAM,,https://ieeexplore.ieee.org/stamp/stamp.jsp?tp=&arnumber=8662307,10.1109/ISSCC.2019.8662307,0,0,ISSCC,2019,130,169,2.86,,,,,1,,,,,,,,,,,,,,,,,,,,,,,,,,,,,
RRAM,,https://ieeexplore.ieee.org/stamp/stamp.jsp?tp=&arnumber=8776520,10.23919/VLSIT.2019.8776520,1,,VLSI,2019,,,,,,,,1,1.00E+05,5.00E+08,,,,,,,,,,,,,,,,100000,100000,,,,,,,,,,
RRAM,1.00E+04,https://ieeexplore.ieee.org/stamp/stamp.jsp?tp=&arnumber=8776570,10.23919/VLSIT.2019.8776570,1,,VLSI,2019,22,100,0.0486,,1T1R,,,1,7.00E+03,3.00E+04,,,3.15E+08,85,,,,,,,,,,,,,,,,,,,,,,,
RRAM,,https://ieeexplore.ieee.org/stamp/stamp.jsp?tp=&arnumber=8776540,10.23919/VLSIT.2019.8776540,1,,VLSI,2019,40,,,12.96,1T1R,,,1,,,,,,,,,,,,,,,,,,,,,,,,,,,,,
RRAM,,https://ieeexplore.ieee.org/stamp/stamp.jsp?tp=&arnumber=8662393,10.1109/ISSCC.2019.8662393,1,,ISSCC,2019,22,,,2.8,,,,1,,,,,,,,,0.7,5,,0.001,,,,,,10000,10000,,,,,1.00E-05,,,,,
RRAM,1.00E+06,https://ieeexplore.ieee.org/stamp/stamp.jsp?tp=&arnumber=8993514,10.1109/IEDM19573.2019.8993514,1,,IEDM,2019,,,,,1T4R,,,4,5000,925000,,,3.15E+07,120,,,,,,,,,,,,,,,,,,0.0156,,,,,
RRAM,1.00E+06,https://ieeexplore.ieee.org/document/8776527/,10.23919/VLSIT.2019.8776527,,1,VLSI,2019,,0.05,,,1S1R,,,,1.00E+05,1.00E+09,,,,,4.5,,,100,,,,,,,,,,,,,,,,,cell area F2: labeled with (250nm),,Check cell area F2
RRAM,1.00E+04,https://ieeexplore.ieee.org/document/8776570,10.23919/VLSIT.2019.8776570,,1,VLSI,2019,,0.0486,,,1T1R,,,,5.00E+03,3.00E+04,,,,,,,,1000000,,,,,,,,,,,,,,,,,,,
RRAM,5.00E+06,https://ieeexplore.ieee.org/document/8993439,10.1109/IEDM19573.2019.8993439,,1,IEDM,2019,,,,,1S1R,,,,,,,,,,2.5,,,,,,,1.00E-01,,,,,,,,,,,,,,,
RRAM,1.00E+06,https://ieeexplore.ieee.org/document/8993514,10.1109/IEDM19573.2019.8993514,,1,IEDM,2019,,,,,1T4R,,,,5.00E+04,1.00E+07,,,,,,,,,,,,,,,,,,,,,,,,,,,
RRAM,1.00E+05,https://ieeexplore.ieee.org/stamp/stamp.jsp?tp=&arnumber=9163035,10.1109/VLSICircuits18222.2020.9163035,1,,VLSI (C),2020,28,38,0.03,0.101,1T2R,,1.5,1,,,,,3.60E+05,150,,,0.8,3.3,,,,,,,,,,,,,,,,,,,
RRAM,,https://ieeexplore.ieee.org/stamp/stamp.jsp?tp=&arnumber=9265060,10.1109/VLSITechnology18217.2020.9265060,1,,VLSI (T),2020,28,,,,1T1R,,,1,8000,15000,,,,,,,0.4,2000,,,,,,,,,,,,,,,,,,,
RRAM,,https://ieeexplore.ieee.org/stamp/stamp.jsp?tp=&arnumber=9163014,10.1109/VLSICircuits18222.2020.9163014,1,,VLSI (C),2020,22,53,0.0257,,4T3R,,,1,,,,,,,,,0.7,10,,,,,,,,,,,,,,,,,,,
RRAM,,https://ieeexplore.ieee.org/stamp/stamp.jsp?tp=&arnumber=9063078,10.1109/ISSCC19947.2020.9063078,1,,ISSCC,2020,,,,,1T1R,,,1,,,,,,,,,,9.8,,,,,,,,,,,,,,,,,,,
RRAM,,https://ieeexplore.ieee.org/stamp/stamp.jsp?tp=&arnumber=8310400,10.1109/ISSCC.2018.8310400,1,,ISSCC,2018,65,59,0.25,,1T1R,,,1,,,,,,,,,,5,,,,,,,,,,,,,,,,,,,
RRAM,,https://ieeexplore.ieee.org/stamp/stamp.jsp?tp=&arnumber=9062979,10.1109/ISSCC19947.2020.9062979,1,,ISSCC,2020,130,,,,,,,1,,,,,,,,,,,,,,,,,,,,,,,,,,,,,
RRAM,,https://ieeexplore.ieee.org/stamp/stamp.jsp?tp=&arnumber=9062953,10.1109/ISSCC19947.2020.9062953,1,,ISSCC,2020,130,100,1.69,,2T2R,,,1,,,,,,,,,,,,,,,,,,,,,,,,,,,,,
RRAM,1.00E+03,https://ieeexplore.ieee.org/document/9371902,10.1109/IEDM13553.2020.9371902,,1,IEDM,2020,,,12,,0.5T0.5R,,,,1.00E+04,1.00E+08,,,1.00E+06,,-2,,,10,,,,1.00E+05,,,,,,,,,,,,,,,Check cell area
RRAM,1.00E+07,https://ieeexplore.ieee.org/document/9372107,10.1109/IEDM13553.2020.9372107,,1,IEDM,2020,,,,,,,,,1.00E+07,1.00E+08,,,,,4,,,5,,,,1.00E+03,,,,,,,,,,,,,description: 8-layer vertical RRAM,,
RRAM,1.00E+05,https://ieeexplore.ieee.org/document/9372050,10.1109/IEDM13553.2020.9372050,,1,IEDM,2020,,,,,1T1R,,,,5.00E+03,1.00E+06,,,360000,115,2,,,,,,,1.00E+06,,,,,,,,,,,,,,,
RRAM,1.00E+04,https://ieeexplore.ieee.org/document/9371982,10.1109/IEDM13553.2020.9371982,,1,IEDM,2020,,,,,1T1R,,,,1.00E+04,1.00E+06,,,,,,,,,,,,,,,,,,,,,,,,,,,
RRAM,1.00E+05,https://ieeexplore.ieee.org/document/9265062,10.1109/VLSITechnology18217.2020.9265062,,1,VLSI,2020,,,,,1T1R,,,,2.00E+03,2.00E+04,,,1.00E+05,,-1.5,,,,,,,2.00E+05,,,,,,,,,,,,,,,
RRAM,1.00E+05,https://ieeexplore.ieee.org/stamp/stamp.jsp?tp=&arnumber=9365945,10.1109/ISSCC42613.2021.9365945,1,,ISSCC,2021,14,112,0.022,,1T1R,,,1,,,,,3.15E+08,85,,,0.85,,,,,,,,,,,,,,,,,,,,
RRAM,,https://ieeexplore.ieee.org/stamp/stamp.jsp?tp=&arnumber=9508654,,1,0,VLSI,2021,14,3556,0.697,,2T1R,,,1,,,,,,,,,,,,,,,,,,,,,,,,,,,,,
RRAM,,https://ieeexplore.ieee.org/stamp/stamp.jsp?tp=&arnumber=9365769,10.1109/ISSCC42613.2021.9365769,0,0,ISSCC,2021,22,,,,1T1R,,4,1,,,,,,,,,,,,,,,,,,,,,,,,,,,,,
RRAM,1.00E+10,https://ieeexplore.ieee.org/document/9720551,10.1109/IEDM19574.2021.9720551,,1,IEDM,2021,,,0.1,,1S1R,,,,1.00E+03,10000000,,,1.00E+04,,2,,,30,,,,1.00E+06,,,,,,,,,,,,,,,
RRAM,,https://ieeexplore.ieee.org/stamp/stamp.jsp?tp=&arnumber=9731725,10.1109/ISSCC42614.2022.9731725,0,0,ISSCC,2022,40,75,0.1194763184,0.027,1T1R,,0.064,1,3200,8600,,,,,0.8,,0.8,,,,,,,,,125,10000,1.6-2.2,2.6-3.0,,,,,,,,
RRAM,,https://ieeexplore.ieee.org/stamp/stamp.jsp?tp=&arnumber=9731679,10.1109/ISSCC42614.2022.9731679,0,0,ISSCC,2022,40,,,,,,,1,,,,,,,0.9,,,,,,,,,,,,,,,,,,,,,,
RRAM,,https://ieeexplore.ieee.org/stamp/stamp.jsp?tp=&arnumber=9830211,10.1109/VLSITechnologyandCir46769.2022.9830211,0,0,VLSI,2022,40,,,0.619,1T1R,,,1,,,,,,,0.9,,,,,,,,,,,,,,,,,,,100,,,
RRAM,,https://ieeexplore.ieee.org/stamp/stamp.jsp?tp=&arnumber=9731715,10.1109/ISSCC42614.2022.9731715,0,0,ISSCC,2022,22,,,18,,,8,1,,,,,,,0.8,,,,,,,,,,,,,,,,,,,,,,
RRAM,,https://ieeexplore.ieee.org/stamp/stamp.jsp?tp=&arnumber=10019569,10.1109/IEDM45625.2022.10019569,0,,IEDM,2022,14,,,,6T1R,,,,,,,,,,,,,,,,,,,,,,,,,,,,,,Cannot be used as a configuration,,
RRAM,,https://ieeexplore.ieee.org/stamp/stamp.jsp?tp=&arnumber=10067610,10.1109/ISSCC42615.2023.10067610,0,0,ISSCC,2023,22,53,,,,,4,2,,,,,,,,,0.3,,,,,,,,,,,1.2,3.6,,,,,,0.7-8 voltages,,
STT,1.00E+12,https://ieeexplore.ieee.org/document/7428818,10.1109/LMAG.2016.2539256,,1,IEDM Tech. Dig.,2005,,,0.017825,,1T1MTJ,,,,,,,,,,,,,,,,1.10E+00,,,,,,,,,,,,,,,,
STT,,https://ieeexplore.ieee.org/document/7428818,10.1109/LMAG.2016.2539256,,1,APL,2010,,,0.0108,,1MTJ,,,,,,,,,,,7.00E-01,,,,,4.50E-01,,,,,,,,,,,,,,,,
STT,,https://ieeexplore.ieee.org/document/7428818,10.1109/LMAG.2016.2539256,,1,J. Appl. Phys.,2011,,,0.008775,,1MTJ,,,,,,,,,,,0.83,,,,,7.40E-01,,,,,,,,,,,,,,,,
STT,,https://ieeexplore.ieee.org/document/7428818,10.1109/LMAG.2016.2539256,,1,Appl. Phys.,2011,,,,,1MTJ,,,,,,,,,,,0.46,,,,,6.10E-01,,,,,,,,,,,,,,,,
STT,,https://ieeexplore.ieee.org/document/7428818,10.1109/LMAG.2016.2539256,,1,Appl. Phys.,2011,,,,,1MTJ,,,,,,,,,,,0.56,,,,,5.20E-01,,,,,,,,,,,,,,,,
STT,,https://ieeexplore.ieee.org/document/7428818,10.1109/LMAG.2016.2539256,,1,Appl. Phys.,2011,,,,,1MTJ,,,,,,,,,,,0.65,,,,,5.80E-01,,,,,,,,,,,,,,,,
STT,,https://ieeexplore.ieee.org/document/7428818,10.1109/LMAG.2016.2539256,,1,Appl. Phys.,2011,,,,,1MTJ,,,,,,,,,,,0.74,,,,,5.40E-01,,,,,,,,,,,,,,,,
STT,,https://ieeexplore.ieee.org/document/7428818,10.1109/LMAG.2016.2539256,,1,Appl. Phys.,2011,,,,,1MTJ,,,,,,,,,,,0.83,,,,,6.10E-01,,,,,,,,,,,,,,,,
STT,,https://ieeexplore.ieee.org/document/7428818,10.1109/LMAG.2016.2539256,,1,APL,2011,,,,,1MTJ,,,,,,,,,,,0.29,,,,,2.80E+00,,,,,,,,,,,,110,,,,
STT,,https://ieeexplore.ieee.org/document/7428818,10.1109/LMAG.2016.2539256,,1,J. Appl. Phys.,2012,,,,,1MTJ,,,,,,,,,,,,,,,,6.54E-02,,,,,,,,,,,,30,,,,
STT,,https://ieeexplore.ieee.org/document/7428818,10.1109/LMAG.2016.2539256,,1,J. Appl. Phys.,2012,,,,,1MTJ,,,,,,,,,,,,,,,,9.01E-02,,,,,,,,,,,,30,,,,
STT,,https://ieeexplore.ieee.org/document/7428818,10.1109/LMAG.2016.2539256,,1,J. Appl. Phys.,2012,,,,,1MTJ,,,,,,,,,,,,,,,,1.37E-01,,,,,,,,,,,,30,,,,
STT,,https://ieeexplore.ieee.org/stamp/stamp.jsp?tp=&arnumber=5703351,10.1109/IEDM.2010.5703351,1,,IEDM,2010,54,14,0.041,,,,64,1,,,,,,,,0.65,,10,10,,,,,,,,,,,,,,,,,,
STT,,https://ieeexplore.ieee.org/stamp/stamp.jsp?tp=&arnumber=6487710,10.1109/ISSCC.2013.6487710,1,,ISSCC,2013,40,,,0.57,1T1MTJ,,1,1,,,,,,,,1.5,1.1,10,,,,,,,,,,,,,,,,,,,
STT,,https://ieeexplore.ieee.org/stamp/stamp.jsp?tp=&arnumber=6894357,10.1109/VLSIT.2014.6894357,1,,VLSI,2014,90,50,,,1T1MTJ,,8,1,,,,,315360000,125,,,0.08,,4.5,,,,,,,,,,,,,1.00E-09,,,,,
STT,,https://ieeexplore.ieee.org/stamp/stamp.jsp?tp=&arnumber=7062963,10.1109/ISSCC.2015.7062963,1,,ISSCC,2015,65,,,0.8196,2T2MTJ,,1,1,,,,,,,,1.2,1.2,3.3,3,0.3,0.6,,,,,,,,,21.6,55.4,,47,,,,
STT,,https://ieeexplore.ieee.org/document/8268513,10.1109/IEDM.2017.8268513,,0,IEDM,2017,,,0.08,,,,,,3.50E+03,8700,,,,,,,,,,,,,,,,,,0.25,0.25,,,,,,1S1R Tab. Identifier: 1S-1MTJ 3D cross point STT-MRAM; struct desc: M2/STT-MRAM/Selector/M1,,
STT,1.00E+07,https://ieeexplore.ieee.org/document/8268513,10.1109/IEDM.2017.8268513,,0,IEDM,2017,,,,,,,,,,,,,,,,0.25,,,,,,,,,,,,,,,,,,,Memory Tab. Identifier:  1S-1MTJ 3D cross point STT-MRAM,,
STT,,https://ieeexplore.ieee.org/document/8268513,10.1109/IEDM.2017.8268513,,0,IEDM,2017,,,0.08,,,,,,,,*,,,,3.00E-01,,,5,,,,,,,,,,,,,,,,,Selector Tab. Identifier:  1S-1MTJ 3D cross point STT-MRAM,,
STT,1.00E+06,https://ieeexplore.ieee.org/stamp/stamp.jsp?tp=&arnumber=8614620,10.1109/IEDM.2018.8614620,1,,IEDM,2018,22,100,0.0486,,1T1IMTJ,,7.2,1,,,,,315360000,200,,,,10,80,,,,,,,,,,,,,5.00E-07,70,,,,
STT,1.00E+06,https://ieeexplore.ieee.org/stamp/stamp.jsp?tp=&arnumber=8614566,10.1109/IEDM.2018.8614566,1,,IEDM,2018,22,,,,1T1IMTJ,,40,1,,,,,630720000,220,,,,19,200,,,,,,,,,,,,,1.00E-06,,,,,
STT,1.00E+06,https://ieeexplore.ieee.org/stamp/stamp.jsp?tp=&arnumber=8510623,10.1109/VLSIT.2018.8510623,1,,VLSI,2018,28,,,,1T1IMTJ,,8,1,,,,,315360000,125,,,,,30,,,,,,,,,,,,,,,,,,
STT,,https://ieeexplore.ieee.org/stamp/stamp.jsp?tp=&arnumber=8502260,10.1109/VLSIC.2018.8502260,1,,VLSI,2018,40,41,0.066,3.03,,,16,1,,,,,,,,1.1,1.1,17.5,,,,,,,,,,,,,,,,,,,
STT,,https://ieeexplore.ieee.org/stamp/stamp.jsp?tp=&arnumber=8310394,10.1109/ISSCC.2018.8310394,1,,ISSCC,2018,28,,,0.18,2T2MTJ,,0.03125,1,,,,,,,,0.3,0.9,1.3,,0.2096,,,,,,,,,,,,,,,,,
STT,1.00E+11,https://ieeexplore.ieee.org/stamp/stamp.jsp?tp=&arnumber=8614635,10.1109/IEDM.2018.8614635,1,,IEDM,2018,28,,,,,,8,1,,,,,315360000,85,,,,,,,,,,,,,,,,,,,,,,,
STT,1.00E+11,https://ieeexplore.ieee.org/stamp/stamp.jsp?tp=&arnumber=8614606,10.1109/IEDM.2018.8614606,1,,IEDM,2018,40,,,,,,128,1,,,,,315360000,85,,1.2,1.2,,14,,,,,,,,,,,,,,,,,,
STT,,https://ieeexplore.ieee.org/stamp/stamp.jsp?tp=&arnumber=8614700,10.1109/IEDM.2018.8614700,1,,IEDM,2018,,,,,,,,1,,,,,,,,,,,,,,,,,,,,,,,,,,,,,
STT,,https://ieeexplore.ieee.org/stamp/stamp.jsp?tp=&arnumber=8310393,10.1109/ISSCC.2018.8310393,1,,ISSCC,2018,28,75,,0.214,1T1MTJ,,1,1,,,,,,,,1.2,0.6,2.8,20,0.7,4.5,,,,,,,,,3.9,3.6,9.00E-06,,,,,
STT,1.00E+06,https://ieeexplore.ieee.org/document/8614620,10.1109/IEDM.2018.8614620,,,IEDM,2018,,,0.0486,,,dual MgO MTJ with CoFeB-based free layer,,,,,,,3.15E+08,200,,,,,,,,,,,,,,,,,,,60-80,,,,
STT,1.00E+10,https://ieeexplore.ieee.org/document/8614606,10.1109/IEDM.2018.8614606,,,IEDM,2018,,,,,,CoFeB/MgO based p-MTJs,,,,,,,3.15E+08,85,,1.2,,,,,,,,,,,,,,,,,37nm at 40nm node,,,,
STT,,https://ieeexplore.ieee.org/document/8614635,10.1109/IEDM.2018.8614635,,,IEDM,2018,,,,,,,,,,,,,3.15E+08,85,,,,,,,,,,,,,,,,,,,40-60,,,Same 1e... style formatting,
,,,,,,,,,,,,,,,,,,,,,,,,,,,,,,,,,,,,,,,,,,,,
STT,,https://ieeexplore.ieee.org/document/8614637,10.1109/IEDM.2018.8614637,,1,IEDM,2018,,,,,,pMTJ with MgO layers and magnetic CoFeB multilayers,,,,,,,,,,0.8,,,,,2.20E-01,,,,,,,,,,,,35 with 90nm pitch,,,,
STT,,https://ieeexplore.ieee.org/document/8614700,10.1109/IEDM.2018.8614700,,,IEDM,2018,,,,,,Optimized low damping and low moment FL along with MoG TB and SAF PL,,,,,,,,,,,,,,,,,,,,,,,,,,,3.00E+01,,,,
STT,,https://ieeexplore.ieee.org/document/8614499,10.1109/IEDM.2018.8614499,,1,IEDM,2018,,,,,,Bi2Sb2Te3(6nm)/Mo(2nm)/CoFeB(1.02nm),,,,,,,,,,,,,,,,,,,,,,,,,,,,,,,
STT,1.00E+06,https://ieeexplore.ieee.org/stamp/stamp.jsp?tp=&arnumber=8720435,10.1109/IRPS.2019.8720435,1,,IRPS,2019,22,,,,1T1MTJ,,40,1,,,,,,,,0.8,0.8,22,200,,,,,,,,,,,,,1.00E-07,,,,,
STT,,https://ieeexplore.ieee.org/stamp/stamp.jsp?tp=&arnumber=8993604,10.1109/IEDM19573.2019.8993604,1,,IEDM,2019,,,,,,,0.00390625,1,,,,,,,,,,,2,,,,,,,,,,,,,1.00E-11,35,,,,
STT,1.00E+10,https://ieeexplore.ieee.org/stamp/stamp.jsp?tp=&arnumber=8993551,10.1109/IEDM19573.2019.8993551,1,,IEDM,2019,28,46,0.036,,1T1MTJ,,1000,1,,,,,315360000,105,,1,1,,,,,,,,,,,,,,,,,,,,
STT,,https://ieeexplore.ieee.org/stamp/stamp.jsp?tp=&arnumber=8993516,10.1109/IEDM19573.2019.8993516,1,,IEDM,2019,28,,,,,,1000,1,,,,,315360000,85,,1.2,1.2,,,,,,,,,,,,,,,,,,,,
STT,,https://ieeexplore.ieee.org/stamp/stamp.jsp?tp=&arnumber=8993469,10.1109/IEDM19573.2019.8993469,1,,IEDM,2019,22,79,0.038,,,,20,1,,,,,315360000,150,,1.25,1.25,6,30,,,,,,,,,,,,,1.00E-06,,,,,
STT,,https://ieeexplore.ieee.org/document/2539256,10.1109/LMAG.2016.2539256,,1,IEDM,2012,,,,,1MTJ,,,,,,,,,,,0.34,,,,,1.17E+00,,,,,,,,,,,,53,,,,
STT,,https://ieeexplore.ieee.org/document/2539256,10.1109/LMAG.2016.2539256,,1,IEDM,2012,,,,,1MTJ,,,,,,,,,,,1.6,,,,,1.98E+00,,,,,,,,,,,,80,,,,
STT,,https://ieeexplore.ieee.org/stamp/stamp.jsp?tp=&arnumber=8993474,10.1109/IEDM19573.2019.8993474,1,,IEDM,2019,55,,,,1T1MTJ,,16,1,,,,,1,110,,1,1,4,20,,,,,,,,,,,,,1.00E-04,,,,,
STT,,https://ieeexplore.ieee.org/document/2539256,10.1109/LMAG.2016.2539256,,1,IEDM,2012,,,,,1T1MTJ,,,,,,,,,,,0.6,,,,,9.00E-02,,,,,,,,,,,,30,,,,
STT,,https://ieeexplore.ieee.org/document/2539256,10.1109/LMAG.2016.2539256,,1,APE,2012,,,,,1T1MTJ,,,,,,,,,,,0.3,,,,,7.50E-01,,,,,,,,,,,,37,,,,
STT,,https://ieeexplore.ieee.org/document/2539256,10.1109/LMAG.2016.2539256,,1,J. Appl. Phys.,2012,,,0.0075,,1MJT,,,,,,,,,,,1.89,,,,,2.10E-01,,,,,,,,,,,,,,,value 1e31e4. What does it mean?,
,,,,,,,,,,,,,,,,,,,,,,,,,,,,,,,,,,,,,,,,,,,,
STT,,https://ieeexplore.ieee.org/document/2539256,10.1109/LMAG.2016.2539256,,1,J. Appl. Phys.,2014,,,,,1T1MTJ,,,,,,,,,,,,,,,,9.44E-01,,,,,,,,,,,,45,,,,
STT,,https://ieeexplore.ieee.org/document/2539256,10.1109/LMAG.2016.2539256,,1,J. Appl. Phys.,2014,,,,,1T1MTJ,,,,,,,,,,,,,,,,7.66E-01,,,,,,,,,,,,45,,,,
STT,,https://ieeexplore.ieee.org/document/2539256,10.1109/LMAG.2016.2539256,,1,J. Appl. Phys.,2014,,,,,1T1MTJ,,,,,,,,,,,,,,,,6.34E-01,,,,,,,,,,,,45,,,,
STT,,https://ieeexplore.ieee.org/document/2539256,10.1109/LMAG.2016.2539256,,1,J. Appl. Phys.,2014,,,,,1T1MTJ,,,,,,,,,,,,,,,,5.89E-01,,,,,,,,,,,,45,,,,
STT,,https://ieeexplore.ieee.org/document/2539256,10.1109/LMAG.2016.2539256,,1,J. Appl. Phys.,2014,,,,,1T1MTJ,,,,,,,,,,,,,,,,3.29E-01,,,,,,,,,,,,45,,,,
STT,1.00E+08,https://ieeexplore.ieee.org/document/7838491,10.1109/IEDM.2016.7838491,,1,IEDM,2016,,,0.0364,,,MgO/CoFeB,,,,,,,3.15E+08,85,,1.05,,,,,,,,,,,,,,,,,38-45,,,,
STT,,https://ieeexplore.ieee.org/document/7838492,10.1109/IEDM.2016.7838492,,1,IEDM,2016,,,,,,CoFeB/MgO/CoFeB,,,,,,,,,,0.4,,,,,,,,,,,,,,,,,50-250,,,,
STT,1.00E+15,https://ieeexplore.ieee.org/stamp/stamp.jsp?tp=&arnumber=8824899,10.1109/ISLPED.2019.8824899,1,,ISLPED,2019,,8,,,,,,1,,,,,,,,,,5,10,,,,,,,,,,,,,,,,,,
STT,1.00E+06,https://ieeexplore.ieee.org/stamp/stamp.jsp?tp=&arnumber=8662444,10.1109/ISSCC.2019.8662444,0,0,ISSCC,2019,22,100,0.0486,,1T1MTJ,,7,1,,,,,315360000,200,,,0.9,4,,,,,,,,,,,,,,,,,,,
STT,,https://ieeexplore.ieee.org/document/8993604,10.1109/IEDM19573.2019.8993604,,,IEDM,2019,,,,,,,,,,,,,,,,,,,,,,,,,,,,,,,,,35-49,,structure: New designs of free layer pMTJ,,
STT,,https://ieeexplore.ieee.org/document/8993513,10.1109/IEDM19573.2019.8993513,,1,IEDM,2019,,,,,,,,,,,,,3.15E+08,,,0.6,,,,,6.2,,,,,,,,,,,,,,structure: IrMn/CoFeB/MgO based p-MTJ with voltage gated SOT switching,,
STT,1.00E+06,https://ieeexplore.ieee.org/document/8993551,10.1109/IEDM19573.2019.8993551,,,IEDM,2019,28,,0.036,,1T1MTJ,,,,,,,,3.15E+08,105,,1,,,,,,,,,,,,,,,,,,,structure: on 28nm FDSOI + pMTJ based on MgO/CoFeB,,
STT,1.00E+12,https://ieeexplore.ieee.org/document/8993474,10.1109/IEDM19573.2019.8993474,,,IEDM,2019,,,,,,,,,,,,,1,110,,,,,,,,,,,,,,,,,,,5.50E+01,,high-level desc: 2MB array level demo of L4 cache,,
STT,2.00E+11,https://ieeexplore.ieee.org/document/8993516,10.1109/IEDM19573.2019.8993516,,1,IEDM,2019,28,,,,,,,,,,,,3.15E+08,85,,1.2,,,,,,,,,,,,,,,,,,,desc: 28nm node pMTJ MgOx tunnel barrier,,check write voltage
STT,,https://ieeexplore.ieee.org/document/8993614,10.1109/IEDM19573.2019.8993614,,1,IEDM,2019,,,,,,,,,,,,,3.15E+08,220,,,,,,,,,,,,,,,,,,,,,desc: Novel integration scheme for on-chip hybrid memory,,
STT,1.00E+12,https://ieeexplore.ieee.org/document/8993469,10.1109/IEDM19573.2019.8993469,,,IEDM,2019,22,,4.60E-02,,,,,,,,,,3.15E+08,150,,1.25E+00,,,,,,,,,,,,,,,,,,,desc: 22nm ULL CMOS technology,,
STT,,https://ieeexplore.ieee.org/document/8993443,10.1109/IEDM19573.2019.8993443,,1,IEDM,2019,,,,,,,,,,,,,,,,6.75E-01,,,,,,,,,,,,,,,,,88,,desc: Canted SOT cell structure having BE/W channel/ CoFeB FL/MgO TB/CoFeB & Co based synthetic ferrimagnetic RL/TE : 2T-1SOT,,Update technology (SOT labeling in description when listed as STT tech)
STT,1.00E+10,https://ieeexplore-ieee-org.stanford.idm.oclc.org/document/9372040,10.1109/IEDM13553.2020.9372040,,1,IEDM,2020,,,0.0763,,,,,,,,,,,85,,,,,,,,,,,,,,,,,,,,,retention: few min.,,check retention
STT,,https://ieeexplore-ieee-org.stanford.idm.oclc.org/document/9371935,10.1109/IEDM13553.2020.9371935,,1,IEDM,2020,,,0.047,,,,,,,,,,6.31E+08,,,,,,,,,,,,,,,,,,,,,,Retention measured @ 0.1 PPM,Same 1e... style formatting,check retention
STT,1.00E+05,https://ieeexplore-ieee-org/document/9372115,10.1109/IEDM13553.2020.9372115,,1,IEDM,2020,,,0.033,,,,,,,,,,,,,,,,,,,,,,,,,,,,,,,,,,
STT,1.00E+10,https://ieeexplore-ieee-org.stanford.idm.oclc.org/document/9371922,10.1109/IEDM13553.2020.9371922,,1,IEDM,2020,,,0.0273,,,,,,,,,,,85,,,,,,,,,,,,,,,,,,,43,,,Same 1e... style formatting,
STT,1.00E+12,https://ieeexplore-ieee-org.stanford.idm.oclc.org/document/9372015,10.1109/IEDM13553.2020.9372015,,1,IEDM,2020,,,,,,,,,,,,,2.63E+06,125,,,,,,,,,,,,,,,,,,,,,,,
STT,,https://ieeexplore-ieee-org.stanford.idm.oclc.org/document/9371985,10.1109/IEDM13553.2020.9371985,,1,IEDM,2020,,,,,,,,,,,,,,,,,,,,,,,,,,,,,,,,,40,,,,
STT,,https://ieeexplore-ieee-org.stanford.idm.oclc.org/document/9371972,10.1109/IEDM13553.2020.9371972,,1,IEDM,2020,,,,,,CoFeB/MgO/CoFeB,,,,,,,,,,1,,,,,,,,,,,,,,,,,3.5,,,,
STT,1.00E+13,,10.1109/IMW48823.2020.9108120,,1,IMW,2020,,,,,,,,,,,,,,,,,,,,,,,,,,,,,,,,,,,material/struct: IrMn pinning-layer/ CoFeB and CoFe based SAF reference-layer/ MgO tunnel-barrier/ CoFeB storage-layer/ Ta or W bottom-electrode,,
STT,1.00E+11,https://ieeexplore.ieee.org/stamp/stamp.jsp?tp=&arnumber=9265104,10.1109/VLSITechnology18217.2020.9265104,1,,VLSI (T),2020,33,,,,,,,1,,,,,315360000,,,,,,10,,,,,,,,,,,,,,,,,,
STT,1.00E+05,https://ieeexplore.ieee.org/stamp/stamp.jsp?tp=&arnumber=9265054,10.1109/VLSITechnology18217.2020.9265054,1,,VLSI (T),2020,22,,,,,,32,1,,,,,315360000,125,,,,,,,,,,,,,,,,,,,,,,,
STT,1.00E+12,https://ieeexplore.ieee.org/stamp/stamp.jsp?tp=&arnumber=9265027,10.1109/VLSITechnology18217.2020.9265027,1,,VLSI (T),2020,,,,,,,40,1,,,,,10,125,,,,15,10,,,,,,,,,,,,,,,,,,
STT,1.00E+12,https://ieeexplore.ieee.org/stamp/stamp.jsp?tp=&arnumber=9265086,10.1109/VLSITechnology18217.2020.9265086,1,,VLSI (T),2020,,,,,,,40,1,,,,,,,,,,,10,,,,,,,,,,,,,1.00E-06,,,,,
STT,1.00E+10,https://ieeexplore-ieee-org.stanford.idm.oclc.org/document/9720537,10.1109/IEDM19574.2021.9720537,,1,IEDM,2021,,,0.069,,,,,,,,,,1,85,,,,,,,,,,,,,,,,,,,,,,,
STT,,https://ieeexplore-ieee-org.stanford.idm.oclc.org/document/9720523,10.1109/IEDM19574.2021.9720523,,1,IEDM,2021,,,0.033,,,,,,,,,,,,,,,,,,,,,,,,,,,,,,,,,,
STT,1.00E+13,https://ieeexplore-ieee-org.stanford.idm.oclc.org/document/9720539,10.1109/IEDM19574.2021.9720539,,1,IEDM,2021,,,,,,,,,,,,,,,,,,,,,,,,,,,,,,,,,40,,retention: several seconds,"Same 1e... style formatting + ""up to"" wording.",check retention
STT,,https://ieeexplore-ieee-org.stanford.idm.oclc.org/document/9720691,10.1109/IEDM19574.2021.9720691,,1,IEDM,2021,,,,,,,,,,,,,,,,0.202,,,,,,,,,,,,,,,,,37 to 55,,,,
STT,1.00E+10,https://ieeexplore-ieee-org.stanford.idm.oclc.org/document/9720599,10.1109/IEDM19574.2021.9720599,,1,IEDM,2021,,,,,,composite IrMn/CoFeB free layer,,,,,,,,,,,,,,,,,,,,,,,,,,,700,,,,
STT,1.00E+08,https://ieeexplore-ieee-org.stanford.idm.oclc.org/document/9720579,10.1109/IEDM19574.2021.9720579,,1,IEDM,2021,,,,,,,,,,,,,,,,,,,,,,,,,,,,,,,,,100,,,,
STT,1.00E+10,https://ieeexplore.ieee.org/document/9439616,10.1109/IMW51353.2021.9439616,,1,IMW,2021,,,,,,,,,,,,,6.31E+08,105,,,,,,,,,,,,,,,,,,,,,,,
STT,1.00E+08,https://ieeexplore.ieee.org/document/9439592,10.1109/IMW51353.2021.9439592,,1,IMW,2021,,,,,,,,,,,,,3.15E+08,,,,,,,,,,,,,,,,,,,,,,,,
STT,,https://ieeexplore.ieee.org/document/9439609,10.1109/IMW51353.2021.9439609,,1,IMW,2021,,,,,,SiO2/Pt (25)/SAF/Ta (0.3)/FeCoB (1.1)/MgO ( 1.2)/FeCoB (1.4)/W (0.2)/FM (t)/Ta (1)/Ru (10)/Ta (150) (thickness in nm),,,,,,,,,,,,,,,,,,,,,,,,,,,5,,,,
STT,1.00E+06,https://ieeexplore.ieee.org/stamp/stamp.jsp?tp=&arnumber=9162803,10.1109/VLSICircuits18222.2020.9162803,1,,VLSI (C),2020,28,,,,,,128,1,,,,,315360000,105,,,,33,,1.2,,,,,,,,,,,,2.00E-07,,,,,
STT,1.00E+06,https://ieeexplore.ieee.org/stamp/stamp.jsp?tp=&arnumber=9062955,10.1109/ISSCC19947.2020.9062955,1,,ISSCC,2020,22,94,0.0456,,,,32,1,,,,,315360000,150,,,,10,,,,,,,,,,,,,,,,,,,
STT,,https://ieeexplore.ieee.org/document/9440096,10.1109/VLSI-TSA51926.2021.9440096,,1,VLSI-TSA,2021,,,,,,,,,,,,,,,,,,,,,,,,,,,,,,,,,840 x 240,,,,
STT,,https://ieeexplore.ieee.org/stamp/stamp.jsp?tp=&arnumber=9063072,10.1109/ISSCC19947.2020.9063072,1,,ISSCC,2020,22,,,,1T1MTJ,,1,1,,,,,,,,,0.85,2.75,,0.23,,,,,,,,,,,,,,,,,
STT,1.00E+08,https://ieeexplore.ieee.org/stamp/stamp.jsp?tp=&arnumber=9062955,10.1109/ISSCC19947.2020.9062955,0,0,IISCC,2020,22,94,0.0456,3.6,,,32,1,,,,,315360000,150,0.8,,0.8,6,,,,10,0.8,,,,,,,,,,,,,,
STT,1.00E+05,https://ieeexplore.ieee.org/stamp/stamp.jsp?tp=&arnumber=9508756,,1,0,VLSI,2021,16,,,,,,8,1,,,,,315360000,125,,,,,,,,,,,,,,,,,,,,,,,
STT,,https://ieeexplore.ieee.org/stamp/stamp.jsp?tp=&arnumber=9720523,10.1109/IEDM19574.2021.9720523,0,1,IEDM,2021,16,129,0.033,,,,20,1,,,,,,,,,,,50,,,,,,,,,,,,,,,,,,
STT,1.00E+10,https://ieeexplore.ieee.org/stamp/stamp.jsp?tp=&arnumber=9720537,10.1109/IEDM19574.2021.9720537,0,1,IEDM,2021,28,,,,,,,1,,,,,,,,,,,50,,,,,,,,,,,,,,,,,,
STT,1.00E+10,https://ieeexplore.ieee.org/stamp/stamp.jsp?tp=&arnumber=9508693,,1,0,VLSI,2021,40,38,0.061,,,,30,1,,,,,1,85,,,,,40,,,,,,,,,,,,,,,,,,
STT,,https://ieeexplore.ieee.org/stamp/stamp.jsp?tp=&arnumber=9731621,10.1109/ISSCC42614.2022.9731621,0,0,ISSCC,2022,22,,,,1T1MTJ,,4,1,,,,,,,,,0.8,1.5,,0.0249,,,,,,,,,,,,,,,,,
STT,,https://ieeexplore.ieee.org/stamp/stamp.jsp?tp=&arnumber=9830273,10.1109/VLSITechnologyandCir46769.2022.9830273,0,0,VLSI,2022,22,94,0.0456,,,,,1,,,,,,,0.9,,0.9,5,,,,,,,,,,,,,,,,,,,
STT,,https://ieeexplore.ieee.org/stamp/stamp.jsp?tp=&arnumber=9830306,10.1109/VLSITechnologyandCir46769.2022.9830306,0,0,VLSI,2022,,,,,,,,1,,,,,,,,,,,,,,,,,,,,,,,,,55,,,,
STT,,https://ieeexplore.ieee.org/document/9779310,10.1109/IMW52921.2022.9779310,,1,IMW,2022,,,,,,,,,,,,,,,,,,,,,,,,,,,,,,,,,,,,,
STT,,https://ieeexplore.ieee.org/document/9779276,10.1109/IMW52921.2022.9779276,,1,IMW,2022,,,,,,,,,,,,,3.15E+08,85,,,,,,,,,,,,,,,,,,,,,10 year use,"""10 year use"" need standard unit",
STT,,https://ieeexplore.ieee.org/document/9771005,10.1109/VLSI-TSA54299.2022.9771005,,1,VLSI-TSA,2022,,,,,,Ta/CoFeB/MgO/Ta,,,,,,,,,,,,,,,,,,,,,,,,,,,,,,,
STT,,https://ieeexplore.ieee.org/document/9771010,10.1109/VLSI-TSA54299.2022.9771010,,1,VLSI-TSA,2022,,,,,,,,,,,,,,,,,,,,,,,,,,,,,,,,,50 x 125,,,,
STT,1.00E+14,https://ieeexplore.ieee.org/document/9770971,10.1109/VLSI-TSA54299.2022.9770971,,1,VLSI-TSA,2022,,,,,,,,,,,,,3.15E+08,125,,,,,,,,,,,,,,,,,,,,,,,
STT,,https://ieeexplore.ieee.org/document/9771020,10.1109/VLSI-TSA54299.2022.9771020,,1,VLSI-TSA,2022,,,,,,,,,,,,,,,,,,,,,,,,,,,,,,,,,,,,,
STT,1.00E+06,https://ieeexplore.ieee.org/stamp/stamp.jsp?tp=&arnumber=10067837,10.1109/ISSCC42615.2023.10067837,0,0,IISCC,2023,16,129,0.033,2.5,,,32,1,,,,,630720000,150,,,0.7,6,,,,22,0.8,,,,,,,,,,,,,,
STT,,https://ieeexplore.ieee.org/stamp/stamp.jsp?tp=&arnumber=10067563,10.1109/ISSCC42615.2023.10067563,0,0,ISSCC,2023,22,,,,1T1MTJ,,8,1,,,,,,,,,0.8,1.32,,0.02,,,,,,,,,,,,,,,,,
STT,,https://ieeexplore.ieee.org/stamp/stamp.jsp?tp=&arnumber=10067339,10.1109/ISSCC42615.2023.10067563,0,0,ISSCC,2023,28,,,,1T1MTJ,,2,1,,,,,,,,,,,,,,,,,,,,,,,,,70,20,Chip area 4.5mm2,,
STT,,https://ieeexplore.ieee.org/stamp/stamp.jsp?tp=&arnumber=10067563,10.1109/ISSCC42615.2023.10067563,0,,ISSCC,2023,22,,,,,,8,,,,,,,,,,0.8,1.32,,20,,,,,,,,,,,,,,,Cannot be used as a configuration,,
STT,,https://ieeexplore.ieee.org/document/7047131,10.1109/IEDM.2014.7047131,,1,ISSCC,2015,,,,,,,,,,,,,,,,2.4,1.2,,,,1.87E-01,,,,,,,,,,,,47,,,,
STT,,https://ieeexplore.ieee.org/document/7338359,10.1109/CICC.2015.7338359,,1,IEEE CICC,2015,,,0.405,,,,,,,,,,,,,0.6,0.135,,,,8.10E-01,,,,,,,,,,,,90,,,,
STT,1.00E+12,https://ieeexplore.ieee.org/document/7409771,10.1109/IEDM.2015.2015.7409771,,1,IEDM,2015,,,0.017,,,,,,,,,,,,,0.5,,,,,5.00E-01,,,,,,,,,,,,50,,,,
STT,1.00E+12,https://ieeexplore.ieee.org/document/7409771,10.1109/IEDM.2015.2015.7409771,,1,IEDM,2015,,,0.017,,,,,,,,,,,,,0.5,,,,,1.75E+00,,,,,,,,,,,,5.00E+01,,,,
STT,,https://ieeexplore.ieee.org/document/7223661,10.1109/VLSIT.2015.7223661,,1,VLSI,2015,,,,,,,,,,,,,,,,,,,,,,,,,,,,,,,,,10,,,,
STT,1.00E+15,https://ieeexplore.ieee.org/document/7156502,10.1109/INTMAG.2015.7156502,,1,Intermag,2015,,,,,,,,,,,,,,,,0.5,,,,,,,,,,,,,,,,,55,,,,
STT,,https://ieeexplore.ieee.org/document/7409772,10.1109/IEDM.2015.7409772,,1,IEDM,2015,,,,,,,,,,,,,,,,0.6,,,,,2.57E-01,,,,,,,,,,,,45,,,,
STT,,https://ieeexplore.ieee.org/document/7409772,10.1109/IEDM.2015.7409772,,1,IEDM,2015,,,,,,,,,,,,,,,,0.27,,,,,2.42E-01,,,,,,,,,,,,45,,,,
STT,,https://ieeexplore.ieee.org/document/2401577,10.1109/TVLSI.2015.2401577,,1,VLSI (T),2016,,,,,,,,,,,,,,,,,,,,,,,,,,,,,,,,,,,,,
STT,,https://ieeexplore.ieee.org/document/2539256,10.1109/LMAG.2016.2539256,,1,Magnetics Letters,2016,,,,,,,,,,,,,,,,,,,,,,,,,,,,,,,,,11,,,,
STT,,https://ieeexplore.ieee.org/document/2539256,10.1109/LMAG.2016.2539256,,1,APL,2016,,,,,,,,,,,,,,,,2.1,,,,,6.89E-03,,,,,,,,,,,,50,,,,
STT,,https://ieeexplore.ieee.org/document/2539256,10.1109/LMAG.2016.2539256,,1,APL,2016,,,,,,,,,,,,,,,,1.96,,,,,6.24E-03,,,,,,,,,,,,50,,,,
STT,,https://ieeexplore.ieee.org/document/2539256,10.1109/LMAG.2016.2539256,,1,Trans. On Magnetics,2015,,,,,,,,,,,,,,,,,,,,,,,,,,,,,,,,,20,,,,
STT,,https://ieeexplore.ieee.org/document/2539256,10.1109/LMAG.2016.2539256,,1,Trans. On Magnetics,2015,,,,,,,,,,,,,,,,0.55,,,,,3.03E+00,,,,,,,,,,,,55,,,,